text,label,p
Cuando desde @CableFibertel se ponen la 10  pic.twitter.com/Ks1KlJUPPH,POSITIVE,0.761808995585675
Que alegría Juan!!! Disfrutá a lo grande!!! Aguardamos los detalles jugosos...,POSITIVE,0.961133602835001
"Hola Gatón, te respondimos por DM, continuamos por ahí, gracias.",POSITIVE,0.63703813317284
"Buenas, pudiste solucionarlo? Gracias!",POSITIVE,0.612803846148079
Estaría bueno que respondan @CableFibertel,POSITIVE,0.703539662644502
Claro es muy bueno!,POSITIVE,0.741602544983915
"Buena, Juan, te felicito!!!  PD: nadie comentó nada con odio, más bien todo lo contrario  #Curiosidades",POSITIVE,0.652751257128043
"¡Hola Ezequiel! Estamos a disposición para poder ayudarte, te respondí por DM a fin de que podamos seguir en detalle tu caso. Muchas gracias!",POSITIVE,0.804551696013043
Bienvenido al club @CableFibertel que se ve asi pic.twitter.com/dXfiqfcnrt,POSITIVE,0.773055162374738
"Gracias por contactarnos, Brian, te enviamos más detalles por DM.",POSITIVE,0.623669645064609
"¡Hola Dolores! Estamos a disposición para poder ayudarte, te respondí por DM a fin de que podamos seguir en detalle tu caso. Muchas gracias!",POSITIVE,0.797237086302946
"Buenos días Rober, lo recibimos :) Seguimos por esa vía para ayudarte, gracias!",POSITIVE,0.698532740929283
"Hola Marcela, se está realizando un Trabajo por Mejoras en el barriohttps://twitter.com/EpecOficial/status/1182596745978613760 …",POSITIVE,0.697534169671918
"Ok, gracias",POSITIVE,0.691084038696197
"Primer día de calor en Córdoba y a @EpecOficial ya se le escapó la tortuga. Lindo veranito nos espera. Bienvenidos a Argentina, precios de primer mundo para servicios primitivos.",NEGATIVE,0.69827893182955
@EpecOficial gran corte en Villa Allende. Por lo menos todo barrio golf,NEGATIVE,0.825843352554312
Buenisimo! Gracias,POSITIVE,0.92565606585892
Ok. Gracias !!,POSITIVE,0.691084038696197
A vos. ¡Que tengas un buen día! Saludos.,POSITIVE,0.751987934980457
"Buenas tardes, existe un trabajo por mejoras programado en la zona.",POSITIVE,0.893786091722224
Un amor!!!,POSITIVE,0.79341876751439
¡Gracias Juan Pablo!,POSITIVE,0.731863589318303
@EpecOficial en 4 días dos cortes de luz!!!! Qué pasó ahora? Martín García al 1053,NEGATIVE,0.755265291399035
"Buenos días, nuestro personal trabaja para normalizar el sector en el menor tiempo posible.",NEUTRAL,0.911568427990813
@EpecOficial hay un corte programado en barrio observatorio?? Gracias,NEUTRAL,0.890902414988054
@EpecOficial hola. Cuando vuelve la luz en barrio paso de los andes ? Gracias,POSITIVE,0.650987494929797
Se cortó de nuevo!!!,NEGATIVE,0.647068726679318
Buenas tengo una consulta,NEUTRAL,0.63602694295114
ya lo solucionaron gracias!!!,POSITIVE,0.877997406207391
@EpecOficial Una vez más sin Luz de BARRIO AMPL. SAN PABLO. Y según @JSchiaretti tenemos el mejor servicio de luz del país. Gracias gobernador... por brindarnos tan buen servicio a los ciudadanos. + de 1000 cortes 2019 @edufeiok @todonoticias @radiomitrecba @radiomitre,POSITIVE,0.731402898259101
Nuestro personal trabaja para que sea a la brevedad.,NEUTRAL,0.844133630893944
"Gracias @EpecOficial, siempre estás cuando lo necesito. pic.twitter.com/61CyD5qxuJ",POSITIVE,0.638866284520984
A vos. ¡Que tengas un buen día! Saludos.,POSITIVE,0.751987934980457
"Hoy estoy en modo servicios. Miren el 404 de @EpecOficial que, en comunicación online, hace casi todo bien. Monstruito con una vela... con una vela! #epic pic.twitter.com/s8dY5oFi3k",POSITIVE,0.612062230178613
Bueno ya estaria para que vuelva la luz @EpecOficial,POSITIVE,0.629556639092518
Existe un trabajo por mejoras programado en la zona hasta las 13hrs aproximadamente.,NEUTRAL,0.816450320286302
@EpecOficial tres cortes de luz en un día.,NEGATIVE,0.891249836355377
"Buenos días Nicolas, está vinculado a ese trabajo por mejoras.",POSITIVE,0.808239411468835
"Buenas noches, nuestro personal trabaja para que sea a la brevedad.",POSITIVE,0.929431707317222
Súper F,POSITIVE,0.82029484488405
"@EpecOficial hola buenas tardes, qué pasó que se corto la luz en barrio General Paz?",POSITIVE,0.867058677638266
Ya vino la gente d EPEC y solucionó el inconveniente a las 9.45 hs. Muchas gracias. Feliz finde..,POSITIVE,0.870803078174107
"@EpecOficial buenas noches, que pasa con la luz en barrio Altamira? Se cortó vino un ratito y se volvió a cortar intento volver y de nuevo estamos oscuras.",POSITIVE,0.747821810478447
Gracias por respuesta inmediata que tengan un feliz viernes buen diaaa,POSITIVE,0.75455324749232
Gracias @EpecOficial por el trato amistoso con mi amigo Lauti,POSITIVE,0.666511427924175
espero que sean puntuales y a las 13 vuelva.,NEUTRAL,0.821756777733547
"@EpecOficial buenos días, en el barrio El Refugio , en que horario es el corte de suministro?",POSITIVE,0.792100792324914
Y con un fuerte aplauso recibimos a la temporada de cortes veranos 2019/2020. Aplausos vamos!,POSITIVE,0.894873239957211
"Iris, nuestra cuadrilla continúa trabajando en la zona. En unos minutos se normalizará el servicio de manera definitiva en el sector.",POSITIVE,0.915982705618398
"Buenos días, el servicio se normalizó.",POSITIVE,0.88824579471858
@EpecOficial  hola barrio Yapeyú siN luz que pasó a qué hora la luz,NEUTRAL,0.915706581362438
@EpecOficial barrio Obrero calle Sol de Mayo 420 sin luz!!!,NEGATIVE,0.778558368290948
"Que lindo, volvió el calor, las tardes en la pileta tomando ferne y sobretodo VOLVIERON LOS CORTÉS DE @EpecOficial y la concha de tu dueño",NEGATIVE,0.648192146953903
Primer calor del año y ya se corta la luz @EpecOficial,NEGATIVE,0.74103152042494
"@EpecOficial buenas tardes, barrio el Refugio, altura recta Martinolli al 8900 todos los vecinos sin sumistro, que pasa?",POSITIVE,0.862965790159581
Como casi todos los fines de semana!!,POSITIVE,0.890143045132117
Perfecto q calles,POSITIVE,0.956300666480082
"@EpecOficial unos genios ustedes, la factura vence el 7 y te llega el 8...",POSITIVE,0.809655142418514
Oka gracias por responder!..A esperar!,POSITIVE,0.624523811881659
Volvió la luz. Igualmente muchas gracias por contactarse a la brevedad,POSITIVE,0.675044123407359
Ok gracias por la información,POSITIVE,0.691084038696197
@EpecOficial que pasa con el corte en barrio jardín???,POSITIVE,0.655095759397278
Todo Ok. Muy eficiente la cuadrilla. Los felicito.,POSITIVE,0.970024706695087
"sigo pensando que Jaehyun le hubiese ido muy bien a SuperM, canta hermoso, baila increible y habla ingles, el es simplemente perfecto, pero bueno Jaehyun esta descansando ademas pronto tendrán un tour en Japon (hubiese sido sido hermoso verlo de nuevo con Ten, but it's ok)",POSITIVE,0.831910740312154
"Bueno, nadie confiaba en mí pero lo he conseguido: he hecho lasaña. Y está comestible.",POSITIVE,0.710431028196115
"Linda  Hace tiempo que no tengo problemas con eso, pero yo tengo esta cuenta y otra enfocada al mundo de la educación, más profesional. Creo que el problema viene por tener a unas pocas personas en ambas, quizá esta debería haberla mantenido más privada, pero bueno, todo bien!!",POSITIVE,0.668094043170519
"Bueno, pues ya en Madrid con muchas ganas de volver a Praga. Pero esta vez de turismo! Mañana a #enlightED #MIEExpertpic.twitter.com/V8o7DBdjif",NEUTRAL,0.615139629399307
"Y después de tantos años ustedes no han podido con su proyecto de la alterna al llano?, solo publican obras de verdad y realizadas por otros porque esta esta joche y sin un final feliz pronto para la región, pero bueno las otras obras en el país esas si avanzan, bien por ellos",POSITIVE,0.670394653885992
"un show DE HALLOWEEN  podemos mirarlo esta noche, aunque yo llego tarde a casa pero bueno",POSITIVE,0.959625568493815
"Hola de nuevo compañeros y compañeras. Aquí estoy una vez más para acompañaros en esta hermosa tarde dominical (cielo gris y amenaza lluvia), pero bueno, es igual, la lluvia también es hermosa...",POSITIVE,0.623179788374502
Bueno se que es mejor animacion al 100 por ciento y esta genial aunque se me hace poquito raro ya que siempre estube acostumbrada a la animacion original pero igual esta increible,POSITIVE,0.884865819122131
Me hubiera gustado una pista basada en la academia del mal. Pero esta muy bueno,POSITIVE,0.629066775473936
Me gusta Mirador. Pero también está bueno ver el contexto de la cuadra. Y también podés agregarle algún mural para reflejar el interior de ese gran emprendimiento ;),POSITIVE,0.988072983160232
Que esperabas? esta gente es muy famosa por hacer cualquier cosa con la comida. Pero bueno cada uno con sus cosas.,POSITIVE,0.872164085087785
"Sin duda sería muy bueno que TODOS ejercieran su derecho a voto. También sería muy bueno que todos hicieran ejercicios, gimnasia, músculos,etc....pero,  por bueno que sea, los podemos obligar ? Está muy bien así, que voten los que quieran !!",POSITIVE,0.723501174793324
"Hola preciosa,imagínate a la hora que estoy yo leyendo,desde esta mañana que entré,pero bueno hoy no me quejo de nada porque no hace tanto calor,y así se lleva todo mejor,incluso he almorzado con amigas,en fin bien todo,espero que estés disfrutando! pic.twitter.com/8xqHcQkqfH",POSITIVE,0.910902003075979
"queeeee bueno q está marco antonio caponi, pero chicos LA MUJER stoy enamorada, con quien me quedo? puedo con los 2¿¿",POSITIVE,0.808695344709024
"#Inktober2019 Mindless  . . Bueno, segundo dibujo, y está vez algo más holgado de tiempo :) aunque es más cutre, pero bueno, ahí está, espero que os guste en Vitoria-Gasteiz, Pais Vasco,… https://www.instagram.com/p/B3IVdS3ooVqOuvumnayof8LZXTRzGZB2OSHhhY0/?igshid=6vwgfd3ffrku …",POSITIVE,0.719278449545361
"Me lo pasaron , es largo pero esta bueno. Igual con solo verlo 5 seg , alcanza! pic.twitter.com/MBnipKnGaS",POSITIVE,0.711568340297478
"Esta feucho pero bueno xd 2 dia de #RichTober , @ElRichMC  con una mascota! Piggers!pic.twitter.com/egj75dFTbt",POSITIVE,0.687542299155108
Esta re bueno pero es que..,POSITIVE,0.895912771203101
"A esta hora el café es una gran cosa, bueno a toda hora pero a esta más",POSITIVE,0.812337549299145
"Faltaron mi tame impala y childish gambino  pero el line up del lolla está muy bueno, regálenme una entrada porfa",POSITIVE,0.632303937341494
Bueno gente no es por deprimirlos pero se acerca el cumpleaños de esta hermosa personita pic.twitter.com/fypWM2dLrR,POSITIVE,0.907467952017636
"Muy buenos días familia, al fin viernes!!!! , llegó el esperado fin de semana, ufff, que larga se me ha hecho esta semana amigos, no sé a vosotras pero bueno, a partir de esta tarde noche a descansar, disfrutar,… https://www.instagram.com/p/B3MAY6LHABp/?igshid=3zbbglytn90i …",POSITIVE,0.961696086959857
"Bueno, no se si tanto, pero está muy linda",POSITIVE,0.625874916507381
"Solo he visto Grey's y pues bueno tiene sus cosas pero creo que son soportables, merece mucho la pena ver esta serie maravillosa!",POSITIVE,0.95876469322652
"hagamos cabinas para transportar a la gente. viajes verticalizados incesantes y claustrofóbicos pero qué dices, tas loco que si! ya verás, cambiaremos el paisaje de las ciudades. edificios infinitos. los empeoraremos querrás decir! bueno está bien,  les pondré espejos.",POSITIVE,0.941614106695678
"A mí me gusta que una persona sea diferente a mí pero que podamos compartir algunas cosas ya sea en personalidad o gustos porque está bueno, incluso la diferencia de opiniones y esas cosas",POSITIVE,0.943757754221234
"Esta bueno, combina. Pero prueba ponerle color a tu vestuario  Combina el negro con el rojo, lila o incluso un amarillo.",POSITIVE,0.929903889310223
"que bueno que me salí de esta clase de gente, tardé comprender y todavía me cuesta pero poco a poco veo los resultados",POSITIVE,0.69794979999967
"la soledad se disfruta cuando se esta en equilibrio con uno mismo, pero cuando algo seta fuera de esa armonía, es bueno contar con un abrazo y un silencio aunque sea en la distanciapara ti muchos mas, animo",POSITIVE,0.970678639116997
La verdad es que hubiera estado genial que la Tabacalera fuera el Ayuntamiento pero bueno ya esta así,POSITIVE,0.738148186003466
"Miren esta opción momosha de domicilio sin plástico ni icopor (excepto la bebida), pero bueno, algo es algo.  pic.twitter.com/S674nHK4Qd",POSITIVE,0.923580285747473
"Que discreto el juego de Cerro viejo. Pero bueno, ya está. No más mala onda.",POSITIVE,0.629117425566405
"bueno ya lo dije pero voy a dejar un poco esta cuenta un tiempo que lo necesito, estare en mi otra cuenta:)",POSITIVE,0.736753205164654
"Tiene:  –Garbanzos –Brócoli –Cebolla –Champiñones –Jengibre (en polvo)  –Cúrcuma –Curry  Para la salsa:  Cualquier leche vegetal sirve, yo usé de soja. Pero con leche de coco también está bueno",POSITIVE,0.73746742278899
"Jajaj bueno pero ya casi esta, ya lo tenés mi amorrr te amo",POSITIVE,0.795050852766529
BUENO PERO ESTA NIÑA SE PONE MÁS BONITA CADA QUE RESPIRA O Q.  https://twitter.com/TwicePIC/status/1179404606805331970 …,POSITIVE,0.923963036513352
"""Somos un equipo nuevo pero está bueno el proceso de su construcción” http://www.basquet24.com/somos-un-equipo-nuevo-pero-esta-bueno-el-proceso-de-su-construccion/ …",POSITIVE,0.635406133858803
"Eso esta muy bien y te deseo la mejor suerte.  Pero pasar a hacer parte de la lista verde es de hecho un calculo politico.  No digo que sea malo perse, pero es pasar a un partido verde que de verde solo tiene el nombre. Pero bueno mucha suerte!!!",POSITIVE,0.836187084547182
"Es bueno acceder a perder el orgullo a veces cuando ambos son orgullosos, pero a veces tenemos que ver hasta qué punto está dispuesta la otra persona a mantener su orgullo. No hay que ser siempre el que acceda",POSITIVE,0.845833981497774
"Oye, pero qué bueno esto. Sobre todo porque está escrito impecablemente. pic.twitter.com/mTvSJZs7u8",POSITIVE,0.904598304132673
"bueno en verdad si, que me lo guarde pero ya esta :)",POSITIVE,0.833932620135489
"Bien, ya he empezado el Máster, ya he dado una clase de cada asignatura y me está gustando bastante. En general veo que voy a sufrir bastante porque lógicamente mi nivel de dibujo, escultura y anatomía no es demasiado bueno, pero me alegro porque voy a aprender un montón!!",POSITIVE,0.774358331568587
"Creo que en el caso de esta peli, la sala es importante. A mi me gustó por dos razones, el sonido (para mi el verdadero prota de la peli) y la ausencia de diálogos. La oscuridad y la acústica del cine ayudaban mucho.  Pero bueno, para gustos colores.",POSITIVE,0.931517425135776
"""Creo que todos tenemos ambas partes, ¿no?  Pero, bueno, como digo... haré el esfuerzo para que las cosas no vayan tan mal.""  —Los últimos sorbos a su copa mezclada.  ""Está bien. Descubramos tu lado encantador, si es posible.""",POSITIVE,0.792526399898924
"Merecida victoria. Una pena por Roger después de los 5 MPs salvados, pero se merece esta victoria el bueno de Sascha.",POSITIVE,0.606848663258666
Había otra que se veía de forma panorámica todo el vestuario pero bueno esta foto también se ve una parte.,POSITIVE,0.921965685836724
Bueno .. pero la canción de harry esta buena,POSITIVE,0.861010317693254
Bueno en total hice: 6 horas de cola.  Esta es una foto de mi formandole peo al militar porque se me colearon 4 que no hicieron cola. Pero salí divino lleno de gasolina pic.twitter.com/GKYeu9fFY0,POSITIVE,0.61942243557885
"Fantabulosa la tienda esta de Santiago de fumetas por un té afrutado que prefiero un café con leche pero bueno aquí solo hay infusiones 1,40 y te lo dan en una tetera pequeña que te llena 2 tazas mientras juegas al que quieras de más de 1000 títulos gratis pic.twitter.com/8o586LkQUP",POSITIVE,0.914767800138912
Bueno algo inesperado ya que creía que saldría hasta mañana pero ya me e visto el primer capitulo de Beastars y la verdad es que me a gustado bastante y ademas me a dejado con esas ganas de mas la cual de momento hasta ahora solo pocos animes de esta temporada lo han logrado pic.twitter.com/lGZUwUuZ4R,POSITIVE,0.896964043676107
- ¿Pero el francés era lindo? - Esta más bueno que comer pollo con las manos. pic.twitter.com/P8wsCzhNo7,POSITIVE,0.938854072482301
"Excelente interpretación mejor que la original, pero compadre ya está bueno de tanta rogadera",POSITIVE,0.859870128320959
"Cyrus está un poco metido con pinzas pero bueno pienso que sería gracioso un personaje del Octopath en el Smash. Hans para mí es el imprescindible, lo necesito dentro. Krystal es otra imprescindible, Rayman molaría y Shantae se lo merece. pic.twitter.com/r68Mn6feTI",POSITIVE,0.674450575725081
"Date una vuelta por Instagram. La gente, como todos los años, esta muy contenta con el sistema de venta. Yo casi preferiría hacer cola en algún sitio como en los 80’. En fin... Pero bueno, en nuestro caso será de nuevo la fiesta que dé inicio al verano. #LesArts2020",POSITIVE,0.878114269136609
Tomas y yo comiendo antes de las 4 pero bueno que esta pasando,POSITIVE,0.815316667514127
"Muy bueno, pero mucho, eh! Disfruta de esta tarde de domingo.",POSITIVE,0.887488477688721
La verdad espera puro Jose Jose....... pero esta muy bueno el programa Saludos @Arturo_Rdgz #NotasSinPautaCursi,POSITIVE,0.63608773220278
"El otro día hice una tortilla de patatas con patatas cocidas para un familiar enfermo. Y está rica. No es igual, pero con amor todo está bueno.",POSITIVE,0.613961100617282
"Por la sinopsis me llamo la atención por completo, esta bueno esa manera identificar a los criminales  tengo para rato, aqui pero por donde se comienza Cherse(?)  pic.twitter.com/OzvX0uwuJf",POSITIVE,0.849111655842592
Al principio un poco me sorprendió pero está bueno sí. Me copa,POSITIVE,0.956323521768002
"Me encanta Oscar , pero mi marido Mario está más bueno",POSITIVE,0.927079258369429
"Miley nos está haciendo esperar, pero el nuevo disco va a combinar elementos Pop (DEL BUENO!) Rock, Disco, Hip Hop, probablemente también buena composición lírica pic.twitter.com/erK2vXcceq",POSITIVE,0.829073596677577
"Bueno, siempre habrá una ganadora y esta vez no fue mi suerte pero me da mucha felicidad que haya una personita que si se le haya cumplido ¡Felicidades!",POSITIVE,0.76326103457457
"Hay variantes de pueblos pero a mi me la contaron de esta forma:  I.   El Jacho era un pescador y agricultor de Yauco que sostenía su familia con lo que cosechaba y pescaba. Era un hombre bueno, súper religioso, tanto así que siempre llevaba consigo una cruz de acacia bendecida.",POSITIVE,0.625235357874981
"No me acordaba lo que me gustaba esta serie. No pasan demasiadas cosas pero están bien contadas, y con eso vale. Y bueno, que todas son maravillosas y actrices increíbles #BigLittleLies",POSITIVE,0.960336759747661
"Sobre todo un lunes que es el comienzo de la semana , y aveces está bueno explotar pero para bien",POSITIVE,0.716803697323461
Discúlpenme pero Lenny Tavarez está bien bueno,POSITIVE,0.922300396042215
"Y esto es lo que se consigue con esfuerzo que las cosas salgan como quieres jajaja, y es que esta escena de Ssiufana es ¡perfecta! (bueno casi, todo es mejorable) pero leñe, la diferencia de dibujo en unos capítulos es brutal ¡y me encanta!",POSITIVE,0.665439841763521
"Increible el Joker. Es un 10 esta película,diferente a cualquier cosa que uno se espere ver. Y Joaquin Phoenix sublime, se podrá discutir si es mejor o peor Joker que Ledger,pero como loco si que se lo come. Ah y encima sale De Niro que eso siempre es bueno. pic.twitter.com/7xFJrNYqYb",POSITIVE,0.789084072427597
Seguro la encierra mañana y bueno son seis capitulos. Pero es un monton!! En un spoiler decian q Lucia esta encerrada unos 5 dias,POSITIVE,0.903925730216292
Igual está bueno Pero prefiero Rock in Río,POSITIVE,0.841715278643648
"<< en la barra,apoyándose con las manos-  Bueno,a ver... a mi no me disgusta hacerlo de ver en cuando pero cambiemos de tema. Está bien,el rojo déjamelo a mí y yo te dejo el negro  -se levanta del asiento y le pone la mano en el hombro-  Exacto,es como montarme a mí -bromeó >>",POSITIVE,0.747143042215445
"El Azul siempre tendrá aficionados nobles y generalmente son muy buenas personas, los felicito a todos y por eso precisamente por eso me enca... la directiva, está afición merece que el equipo esté en buenas manos... pero bueno a disfrutar el 5-2",POSITIVE,0.756915054809582
"Hoy estaba perfecto para estar en la plaza de ponce pero está nena no se me desenchufa y bueno, ya pasó todo el día prácticamente",POSITIVE,0.653089438192568
"@canal9oficial #tufabulosofinde @veronicavarano corazón!!! Hace preguntas con sentido más allá q desconozcas el folklore lee,instruite sobre las danzas folklóricas para no pasar vergüenza. @diegopcalamar Está bueno el programa falta limar algunas cositas pero al menos entretiene",POSITIVE,0.917656295137122
m estoy leyendo killing stalking y dios santo q relación mas toxica lpm pero es buenísimo y sangwoo esta re bueno kede cirles,POSITIVE,0.628107937813828
En verdá está yendo así más bien pero bueno que nada me impida quejarme pic.twitter.com/1xFZgDSdup,POSITIVE,0.790926208335553
"Para mi, God Of War. Horizon esta bueno, pero gow esta mucho mejor. Nioh no lo jugue",POSITIVE,0.909430336155866
"Bueno, yo diría que ciencia ficción es en lo que está enmarcado. Pero el trasfondo humano va mucho más allá de la historia base. Es un libro para releer con calma. Yo, incluso subrayé. Es un libro de tertulia, con mayúsculas.",POSITIVE,0.946405636574992
Disculpen el autobombo pero está bueno recordarlo.,POSITIVE,0.837691031926654
que bueno que esta Andy muschietti pero dirijime toooodo,POSITIVE,0.856046595128352
"Pues lo habrás saboreado como realmente sabe el café. Desde que era adolescente, sin azúcar!!! Y claro, se me agrió más aún el carácter... pero y lo bueno que está el café, eh??!!!!",POSITIVE,0.658533541244516
"Gracias  No es la primera vez que voy pero esta vez he ido por cuenta propia. Me dijo que eso es mucho mejor para mi.  Pero bueno, a seguir n.n",POSITIVE,0.717371141409656
"Esta bacano. Súper genial, aunque no sé si lo que tiene en el estomago es un ventilador o otra cosa. Pero bueno, esta genial.",POSITIVE,0.677136877363314
"Bueno, algo siempre se encuentra entre tanto surtido pero hay mucha broza. Me gusta más el estilo de Zara. Luego está el tema de la calidad, que da pena pero es lo que tiene la ropa barata.",POSITIVE,0.964434141932524
"Esta bien,bueno no se q es,pero lo q sea ojala q pronto este mejor y q vos tambien lo estes  con todo respeto",POSITIVE,0.623086943376819
"A mí me está encantando, pero es muy JRPG, para lo bueno y para lo malo. Se hace querer, eso sí.",POSITIVE,0.850070234963261
"Entré a Netflix para ver una comedia romántica pero vi que ya esta la quinta de Peaky Blinders y bueno, ya se sabe qué voy a ver",POSITIVE,0.661475554982013
"Cómo me encanta que todos en bahía me llamen lucho, no se porque pero esta bueno... nada eso",POSITIVE,0.724767553353117
"Este es el dibujo que decías?? ESTA SUPER HERMOSO!! Una lástima que no seguirás con el inktober, me estaban encantando tus ideas, pero bueno, yo también habría hecho lo mismo ; :""))",POSITIVE,0.792521315845665
Yo mandaría un mensaje para ver como les esta yendo pero bueno  allá ellos,POSITIVE,0.936175149277753
"Con el comienzo que estaban dando estaba seguro que iban a ser la sorpresa esta temporada, pero bueno... Al final no fue mas que un buen comienzo. Para mi decisión acertada.",POSITIVE,0.664738538584539
Esta bueno un poco bastante sensual pero bueno,POSITIVE,0.938058404867691
"<serán muy buenos amigos. Y por supuesto ya somos amigos.—Asintió leve mientras lo escuchaba, para la pelirroja no había sido fácil llegar hasta donde esta ahora en su  carrera.—  Supongo que sí, pero bueno, desde que era una niña siempre me encantaba salir en las obras de la>",POSITIVE,0.950082229013669
Hola. Adelita aqui te dejo algo asi Como para empezar la tarde aqui le decimos togaracci por Las especias y lo demas pero esta muy bueno pic.twitter.com/DvCQ8lQcRm,POSITIVE,0.84077203976389
"jeje, yo diria que esta bien, me he pasado con algunas cosas y me han faltado de otras, pero en general esta bueno!!   es esta receta https://www.youtube.com/watch?v=DrzWGUGN6vY …",POSITIVE,0.609084434747017
Buenos días! Que tal va el día? El mío regular la verdad pero bueno! He visto esta foto en Pinterest! No sé de quién es pero me encantan esas mesas  Sabéis cómo es denominado este estilo? Esta noche os lo diré en… https://www.instagram.com/p/B3ZkAyMHvQP/?igshid=7mgafywv3dp …,POSITIVE,0.607225154093168
"Solo porque está Asher el libro es bueno. Ah, mentira JAJAJAJA. La trilogía está increíble, cada libro es un avance y me encanta. Cada quien con su opinión, pero yo no concuerdo jsjsj.",POSITIVE,0.662841897754842
Que bueno que está ganando Mónica. Todo bien con Rachel pero Mónica me parece más bella y su personaje es mucho mas divertido y variado a lo largo de la serie.,POSITIVE,0.889463641992522
"No está basado en ningun cómic, es lo bueno. Pero si, exactamente, el desarrollo de este personaje está buenísimo y la actuación me encanto. Yo si quiero verla again, también. ¿Crees que merezca un Óscar? Yo sí.",POSITIVE,0.927191851676307
"Bueno mutuals, la verdad es que quiero compartir éste momento con ustedes. Sé que soy muy joven y que quizá no llegue a ser la mejor madre, pero tengo apoyo de mis viejos y estamos felices después de todo.  Estoy contenta de saber que ésta bendición tendrá de padre a yuta pic.twitter.com/omVZGwBPpB",POSITIVE,0.723024450142856
"Es que este Joker se mueve por venganza y es muy humano, eso ya lo hace totalmente diferente al de siempre. Pero bueno, hay que disfrutar esta versión igual.",POSITIVE,0.974967365185746
Está bien padre sentirte bien y que te vaya bien. Pediría que siempre fuera así pero he aprendido que sin lo malo no se aprecia igual lo bueno,POSITIVE,0.895004859544479
"Sería espectacular! Acá lo privado y lo público deberían ir de la mano, para que pueda desarrollarse esta experiencia en toda su dimensión.",POSITIVE,0.908986245096817
Vamos Mariano mucha suerte idolo !!!,POSITIVE,0.803865313131274
Muy buena agustín! Abrazo,POSITIVE,0.620223674213506
Desde Buenos Aires y siguiendo a bordo de @MWernerOK el mejor,POSITIVE,0.747015253763134
De acuerdo!!!!,POSITIVE,0.74704534187274
Rápidos y bien arriba,POSITIVE,0.934382157745463
Cagan en el extranjero también! Son maravilloso,POSITIVE,0.655090308609069
Roberto Carlos y 1 millón de amigos!!,POSITIVE,0.746218571802899
Buenísimo,POSITIVE,0.959592263566933
Es hermoso viajar en avion!!,POSITIVE,0.71736010154087
Linda ducha les dieron,POSITIVE,0.718563724408032
"Que está alegría y emoción,siempre te acompañe",POSITIVE,0.885971478626178
Ante todo la buena onda,POSITIVE,0.930070226550725
Disfruten,POSITIVE,0.626538818569579
con un cafecito al final :),POSITIVE,0.947786216302962
Este octubre es Amarillo porque es bien Flybondi y bien Flybondi significa precios bajos bajos bajos!  http://fly.bo/epanqn pic.twitter.com/0Dv3sDjLPq,POSITIVE,0.887312756709621
Caipiriña!!!!,POSITIVE,0.963230919222699
Hola! @flybondioficial hoy se vuela!!! pic.twitter.com/CE0bm90MHX,POSITIVE,0.692421550331083
@flybondioficial buenas...tengo unas consultas sobre mí vuleo..me podrán ayudar?,POSITIVE,0.865366651039767
"Alegría! Samba, Caipiriña/Scol/Itaipaba, biscoito Globo, los cuerpos increíbles y envidiables de lxs brasilerxs, etc.",POSITIVE,0.744652601878735
Buen viaje Moni!,POSITIVE,0.858282512791871
Te hago luces desde el 777,POSITIVE,0.863649273484791
"Coisa mais linda, muy buena serie!!",POSITIVE,0.840594992608598
"Estamos muy contentos por haber sido parte de este evento multitudinario y, como todo lo que hacemos, representa un pasito más en nuestra meta de dar #LaLibertadDeVolar a todos los Argentinos!",POSITIVE,0.803460914141794
@VuelaJetSMART tiene ruta y es excelente,POSITIVE,0.815640835983266
Milo,POSITIVE,0.651175566242857
Y debemos poner toda nuestra fuerza para que siga cambiando!!!pic.twitter.com/hvujJf1LTN,POSITIVE,0.862118369563704
Buen viaje!,POSITIVE,0.858282512791871
Esta semana conocimos la historia de un viaje transformador de María Belén ¡y ganó un nuevo viaje!   Contanos la tuya: el próximo martes podrás ganar 2 vuelos de @flybondioficial con nosotros y @bastatodo #ViajarNosTransformahttps://twitter.com/bastatodo/status/1181617356868669440 …,POSITIVE,0.800491826584863
Que lindo!!!  Yo quiero!!!!,POSITIVE,0.754630046370063
El mejor viaje gracias @flybondioficial por la atención de la tripulación muy a gusto los vuelvo a elegir !!! pic.twitter.com/2SEJS5x5R4,POSITIVE,0.912418491075679
"Mi historia es que: me enamoré de un país después de haber visto una serie, y cuando lo fui a visitar transformó mi forma de SENTIR y AMAR. Y ahora? Ahora estoy esperando a recibirme para ir ahí, a Escocia, a VIVIR! A eso llamo transformación!  #ViajarNosTransforma Y MUCHO!pic.twitter.com/adofrZpGDX",POSITIVE,0.94876833763973
Buen viaje Moni!!!,POSITIVE,0.858282512791871
"En enero del 2017 .. Tuve la oportunidad de volver por segunda vez a Bariloche, desde ese viaje algo en mi se despertó , es difícil de explicar.. Pero no quiero dejar de viajar NUNCA  y sin dudas #viajarnostransforma  !!!",POSITIVE,0.738884800549332
Muchas ganas de nuevas promos!! Viajo con frecuencia por trabajo a Salta y cada tanto a Iguazú....   Necesito promoss // descuentosss// 2×1 // lo que sea!,POSITIVE,0.890991934123681
"#ViajarNosTransforma cuando fui a Bariloche en enero del 2013, principalmente porque había tenido una fuerte perdida e hice ese viaje con mi hermano, el paisaje y la tranquilidad de ese lugar me maravillaron y definitivamente quisiera volver",POSITIVE,0.801231117797809
una verdadera cruzada la tuya,POSITIVE,0.612935051846047
Felicitaciones!  Hay mucha diferencia de precios entre esta y otras aerolineas para el mismo destino que compraste?,POSITIVE,0.771266852833646
Buen día!!,POSITIVE,0.883187920992041
Pastel y Guaraná!!!!,POSITIVE,0.647288542825067
Sabés cuál es la época perfecta para visitar #Bariloche? La que vos decidas! Volá ya mismo al precio más bajo: http://fly.bo/epabrc pic.twitter.com/8JCKECZc49,POSITIVE,0.962192017683973
@flybondioficial pone promos accesibles para el #19OLaMarchaDelMillon  que la gente quiere viajar de todas las provincias. Dale copate,POSITIVE,0.847556646094045
Que siga cumpliendo más sueños Felicidades,POSITIVE,0.757387149739316
Que bueno!!!! Ojalá puedan llegar a más lugares de Brasil,POSITIVE,0.847926436248897
Genio!!!!! Ud siempre posando para mis fotos!!,POSITIVE,0.842729629415722
Que lindo que pudo hacerlo!!,POSITIVE,0.905970277939136
Que bueno que existe el palomar y @flybondioficial y @VuelaJetSMART,POSITIVE,0.777846288191599
Yo feliz porque el 21/10 hacemos en familia Córdoba - Barilo.,POSITIVE,0.769796470608706
NO problem. A la brevedad estamos con vos.,POSITIVE,0.686930480116028
Al tiempo  versus  le agregaría la SEGURIDAD de viajar en uno versos el otro  Vamos @flybondioficial #volaatodahora,POSITIVE,0.871298265816684
Antartica es la mejor!!!,POSITIVE,0.802284132066605
"1er viaje en familia al exterior con nuestros hijos, llegada al aeropuerto, vuelo cancelado, salimos dos días después, llegamos a destino, no teníamos las reservas hechas del hotel ! Luego se solucionó todo y fueron las mejores vacaciones en familia ! #viajarnostransforma",POSITIVE,0.746883182314866
"#viajarnostransforma fui a Líbano, a conocer a donde nacieron mis bisabuelos y volví completamente transformada, la idiosincrasia familiar, la cultura del lugar, todo. Volví cambiada y ahora quiero llevar a toda mi familia a que sienta lo mismo que yo.",POSITIVE,0.991244517691946
Exitos!!,POSITIVE,0.688446722554439
Felicitaciones @flybondioficial !! https://twitter.com/aviacionline/status/1182673880491724800 …,POSITIVE,0.714501731339958
Felicitaciones!!!,POSITIVE,0.917476951182693
Buenos dias Juanca!!,POSITIVE,0.938439776035688
"Viajar,es como alcanzar un sueño esperado por mucho tiempo,es renovarse para seguir con mas fuerzas hacia adelante,conocer otras costumbres,debe ser fascinate,me ayudan a conseguirlo??",POSITIVE,0.968513070181452
Bombaaaa ARGENTINA SEPTIMO PUESTO COMO PAIS DE MAYOR CRECIMIENTO TURISTICO   #palomar #lowcost #SiSePuedeArgentina #SiSePuedeTucuman #Macriminal #macrilesganolacalle #MacriYaFue @flybondioficial https://twitter.com/horacioalonso16/status/1181007989047730176 …,POSITIVE,0.613139410962473
Buen día!!!!!   Llevame a pasear... a volar.... a vivir.,POSITIVE,0.874089374348349
"La emoción de esta niña, me hizo el día. #sumandofanaticos #primerosvoladores #vuelaatodahora",POSITIVE,0.763556917032203
Claramente #ViajarNosTransforma nos hacer ver culturas y mundos diferentes. Lo viví en la India y después de ese viaje cambié totalmente mi manera de ver las cosas,POSITIVE,0.91473424728711
Excelente alianza estratégica @flybondioficial y la renovada @PeatonalLavallehttps://twitter.com/ferraribsas/status/1179510206591619074 …,POSITIVE,0.774778750572691
Qué bueno! @flybondioficial #LaLibertadDeVolarhttps://twitter.com/horacioalonso16/status/1179023255937699840 …,POSITIVE,0.881889209258584
Es lindo ver lo contenta que se pone pero el chivo esta de mas,POSITIVE,0.935941094941456
"Jajajaja sos muy bueno, muy bueno.",POSITIVE,0.817029720727216
Debe ser una linda experiencia!,POSITIVE,0.862835321439485
"Despiertos, con ganas de viajar..",POSITIVE,0.78150833086648
Buen día!!,POSITIVE,0.883187920992041
"Amarillo que te quiero amarillo! Usá los colores que están de moda (y que combinan con todo, especialmente con tu viaje)! Durante este #OctubreAmarillo, volá a Córdoba desde $489!  http://bit.ly/2nwlwSB pic.twitter.com/UB8q8cXJHj",POSITIVE,0.886069143967983
totalmente de acuerdo,POSITIVE,0.942312853458773
Praia! Las playas y su gente. Beleza!,POSITIVE,0.737342398951831
Qué ganas de viajar a Río   #MeRioDeJaneiro,POSITIVE,0.87489794885697
"Hola, ansiosa espero ruta a MDQ",POSITIVE,0.870127172978463
"Café da mañha, mi preferido ♡  Caipirinha obviamente.",POSITIVE,0.765501436714596
Lindo boliche diría uno que yo sé. ¿Cómo la ve @flybondioficial para arrancar por acá? pic.twitter.com/Vj2BEWjj5z,POSITIVE,0.783841820960255
Que golazo sería tener #LaLibertadDeVolar con @flybondioficial MDQ-AEP,POSITIVE,0.772642985269804
Mi primer viaje a Mar del Plata con mis mejores amigos por 400 pesos  días inolvidables #viajarnostransforma,POSITIVE,0.939839333829914
A eso me dedico! Viajo todo lo que puedo!!,POSITIVE,0.647563917518183
Vino el bebé a buscarme @flybondioficial #jujuy hermoso atardecer..pic.twitter.com/zDOnLKs0ki – en Aeropuerto Internacional de Jujuy - Dr. Horacio Guzmán (JUJ),POSITIVE,0.909500234581232
"Bondis, con ustedes: nuestra tripulación estrella para nuestro vuelo inaugural! #NuevaRuta #RioDeJaneiropic.twitter.com/6GX2M5yfI6",POSITIVE,0.795391259909934
"Hermosa la emoción de tu hija , es la libertad de volar!!!",POSITIVE,0.750741969561367
"eu amo a praia, yo amo la playa, y si es en Brasil mucho mejor!!!",POSITIVE,0.742189519955708
Caipiriña!! en la playa !!!,POSITIVE,0.963230919222699
#ViajarNostransforma Viaje a Bariloche de Campamento con los Scauts cuando tenía 12 años....Viaje Increíble...,POSITIVE,0.884312444318431
Cuentan con mi simpatia.,POSITIVE,0.662346348802866
Geniosssss,POSITIVE,0.946608041515833
Yo vuelo y más q mucha gente nacional e internacionalmente gracias a las buenas oportunidades que tengo en la vida. Nunca esa carta señora,POSITIVE,0.619087327408112
Los pibes de @flybondioficial este viernes despegan su primer vuelo a Río de Janeiro!!! Van por todo!!! pic.twitter.com/q3SXy8W0Hk,POSITIVE,0.682047503286704
Genios @flybondioficial !!!! https://twitter.com/flybondioficial/status/1178708626896281600 …,POSITIVE,0.790245128521966
"Asunción, Asunción, nos vamo pa' Asunción! Asunción, Asunción, nos vamo pa' Asunción! *repetir* Ponete a cantar y a saltar vos también porque llegó #LaRutaDeLaSemana y está a un click de distancia: http://fly.bo/epaasu pic.twitter.com/JWu5QmYTTO",POSITIVE,0.608162637986052
Una gran decisión.,POSITIVE,0.610336055637046
"#viajarnostransforma Soy Sommelier, realice Mí viaje por Catalunia, tremenda zona vitivinícola.  recorriendo diferentes viñedos y bodegas, conociendo enólogos, grandes y pequeños productores. Me cambió la mirada y como vivir los lugares, a través de este producto tan noble. Morí",POSITIVE,0.987187738201552
Amarla mucho! Felicitaciones!  Que bueno es que todos experimenten VOLAR! QUE DISFRUTEN,POSITIVE,0.991362144779296
Felicitaciones,POSITIVE,0.917476951182693
Buen día!!,POSITIVE,0.883187920992041
Buen dia,POSITIVE,0.883187920992041
Y se va a resolver. Sin dudas.,POSITIVE,0.834908366487578
"#ViajarNosTransforma en 2014 agarré una mochila y sola me fui a Salta, Jujuy, Bolivia y Perú. Fue la mejor decisión que tomé, conocí muchísimas personas y ha sido de las mejores experiencias que he tenido!",POSITIVE,0.791615500422505
"Gracias por compartirlo. Me hizo recordar mi primer viaje en avión, cuando tenia 12 años!",POSITIVE,0.685720626742272
@flybondioficial sos buenisimo esquivando reclamos!,POSITIVE,0.652666861324784
felicitaciones!!!!!,POSITIVE,0.917476951182693
La semana no se acaba todavía y #LaRutaDeLaSemana menos que menos! Volá a Bariloche al precio más bajo del universo (?): http://fly.bo/epabrc pic.twitter.com/W8kdWUZHDW,POSITIVE,0.850394107845242
Para que me voy a despertar si me tengo que volver a dormir? Buen vuelo a Riooo!,POSITIVE,0.688841889527737
Qué bueno que flybondi ofrezca sin ningún interés económico estos viajes como si fueran parque de diversión para niños. Me alegro por estos empresarios con alma.,POSITIVE,0.901174278515501
Que alegría,POSITIVE,0.831626676279525
"@flybondioficial actuá rápido, organiza un puente aereo y queda como una referencia a nivel mundial.",POSITIVE,0.947866775346398
Re emocionante,POSITIVE,0.964918129556883
Me alegra mucho,POSITIVE,0.680258344529415
Orgullo nacional,POSITIVE,0.82438121224537
Comida típica. Feishoada. Frutas deliciosas. Mango Mamón,POSITIVE,0.921099813248968
"Es una garua leve, no pasa nada. Hay buena visibilidad y buen viento en contra en la pista.",POSITIVE,0.6860254474638
"Buen día, Bondis!pic.twitter.com/xf7DgJsthw",POSITIVE,0.622642182473751
"Viajes en verano que hacíamos a Santa Rosa de Calamuchita con mis papás, hermanos y mis abuelos cuando éramos chicos. Eran otros tiempos..#viajarnostransforma",POSITIVE,0.872394727327473
Buenisimooo#sisepuede,POSITIVE,0.959592263566933
"#ViajarNosTransforma Sin dudas haber viajado sola al Mundial de Rusia 2018. Un lugar tan diferente respecto a su cultura, costumbres e idioma. Pero sin dudas de lo mejor que me pasó . @MarcosGerez10",POSITIVE,0.973179388764646
Sos muy preciosa.,POSITIVE,0.945229159108954
Buenísimo! Espero con ansias ver los valorespic.twitter.com/PZ6rK0jzEn,POSITIVE,0.807189865074771
"Andate en @flybondioficial ! Vas a ver los recursos humanos que tienen! Y mirá que he viajado bastante, en otras líneas y en otros tiempos, vale la pena y fíjate el precio!",POSITIVE,0.638355921453557
Buen día!!,POSITIVE,0.883187920992041
#ViajarNosTransforma Verano 2019 me animé a viajar sola y la pasé genial!!,POSITIVE,0.815577207275659
Y qué útil es !!,POSITIVE,0.676929412837962
Ya postulado para el proceso de selección. Quiero formar parte de este grandioso equipo de trabajo para tener la libertad de crear y crecer juntos a ustedes. pic.twitter.com/aMHKeknTYk,POSITIVE,0.749232945433557
Con Max vine de SDE la semana pasada. Mucha suerte!,POSITIVE,0.812961000588305
@flybondioficial vamos Muchachos!! Una movida de estas se paga sola!! Vayan a buscar a los chicos! https://twitter.com/lucasllach/status/1180243418204774401 …,POSITIVE,0.775394373343078
"Está planificado desde temprano, seguramente habrán informado.",POSITIVE,0.852944717094728
Felicitaciones @flybondioficial! Vamos por más!,POSITIVE,0.912909074101331
"#viajarnostransforma, Viaje a Colombia, con destino a un casamiento de amigos, volvimos bronceados, escuchando cumbia colombiana y amando el agua ardiente, definitivamente transformados!",POSITIVE,0.87809278400435
Mi vida!!! hermosa!!!!! que momento tan bello!,POSITIVE,0.842585334911394
"Primer viaje solos con mi marido después de 12 años. Destino Río de Janeiro. Disfrutamos a tope, recorriendo en bici desde Barra hasta El Cristo. Al cuarto día descansando en la playa, mi marido me mira y dice Me falta algo Faltaba el papi papi continuado! #ViajarNosTransforma",POSITIVE,0.873765342107568
Hermosa!!! Que emocionante!! Felicitaciones!!!,POSITIVE,0.992264093789518
"Mayo en Cataratas. Hermoso, con buen clima. Ni mucho calor ni frío. Haber elegido @flybondioficial y @GranMeliaIguazu tuvo mucho que ver en que ese fin de semana haya sido un éxito!https://aliciaenwanderland.com/2019/09/20/un-fin-de-semana-en-cataratas-del-iguazu/ …",POSITIVE,0.759519455030365
Que emoción! Felicitaciones!,POSITIVE,0.928340002637298
Buen día!! #BuenLunes,POSITIVE,0.978482328523
Ya falta poco para poder estar con Uds compartir y disfrutar LA LIBERTAD DE VOLAR,POSITIVE,0.707161378633682
Hermoso y movido vuelo de @flybondioficial desde corrientes. pic.twitter.com/A5kmgFw4Dl,POSITIVE,0.798317449626101
@flybondioficial gracias! Somos 39 rumbo a Bariloche. encuentro coral en San Martín. Sueño cumplido. Cba- Bariloche,POSITIVE,0.872176571865677
Buenos días @flybondioficial siempre despiertos junto a ustedes...!!!,POSITIVE,0.945037040635502
"Sin dudas te transforma, es una nueva aventura, un nuevo desafío. Pronto cumplo 50 años de vida y espero por ese viaje soñado junto a mi amor de más de 30 años unidos... por más inolvidables momentos juntos!!!",POSITIVE,0.912815433994542
Un corazoncito es,POSITIVE,0.64600628214975
Mi mejor viaje fue en @flybondioficial vuelvo a viajar el 13 de octubre por la misma compañía el mejor servicio y atención que tuve en mi experiencia de tantos viajes que hice . Gracias @flybondioficial .,POSITIVE,0.660995684863545
Vamo' @flybondioficial todavía!  pic.twitter.com/4jSSKb5Vno,POSITIVE,0.783411254770604
Yo voy en diciembre!! Gracias por hacernos conocer Rio,POSITIVE,0.886708986090271
Los amo.,POSITIVE,0.713697206369304
#viajarnostransforma en 2010 viaje por primera vez a Europa con mi esposa. Fue el primer viaje groso en nuestras vidas. De ahí no paramos y cada vez que podemos nos vamos a donde sea,POSITIVE,0.642949948913692
Sí. Una simple cafetería y listo. AEP toda la vida,POSITIVE,0.916564902106815
@flybondioficial  ayudo con un pasaje,POSITIVE,0.662764367371538
Estoy free!!,POSITIVE,0.840794710140705
"Y lo hicimos épico: Juegos, premios, fotos y hasta nos reímos de Janeiro! Contamos con invitados de lujo, muchísimos periodistas y, como siempre, nuestros flamantes primeros voladores!pic.twitter.com/Fuh6Lv620j",POSITIVE,0.946532539415184
Cada día somos más los que creemos que #ViajarNosTransforma  ¡PREPARATE! Podés ganar tu próximo viaje junto a nuestros amigos de @almundo_ar y @flybondioficial pic.twitter.com/GluBtZfexF,POSITIVE,0.842972972526191
los amo,POSITIVE,0.713697206369304
Genia qué lindo que emoción,POSITIVE,0.901942068335235
Felicitaciones,POSITIVE,0.917476951182693
"Estamos más que contentos con empezar a volar a un nuevo destino internacional. Y ahora preguntamos, ¿Cómo vienen de ganas para nuevas promos?",POSITIVE,0.747241609243235
"Bueno, empeza por escribir viajecito bien",POSITIVE,0.723078897280896
Felicitaciones @flybondioficial!!!,POSITIVE,0.917476951182693
"Pufff, era lindo eso",POSITIVE,0.655235773731845
¡Bienvenidos a Rio!,POSITIVE,0.966887254950481
"#ViajarNosTransforma cada viaje que hice en mi vida me transformó en algo siempre. Cada uno tiene su experiencia y su situación, y depende de cada uno puedo sacar mil cosas hermosas. Viajes en familia, viajes de tenis, viajes con amigas. LO MEJOR, Us Open 2018, Nueva York",POSITIVE,0.923276226518264
Muy bien por la gente de @flybondioficial a seguir sumando destinos en sudamerica!!,POSITIVE,0.802749008511396
Cada uno es dueño de elegir por donde quiere volar!!!!! Buen viaje chicos !!! Que sea el primero de muchos más!!!!!,POSITIVE,0.792985113066896
Buenas onda!!!,POSITIVE,0.888155275089977
"Ay chiquita, que hermosa",POSITIVE,0.765170448774424
#viajarnostransforma cuando fui a salta la linda,POSITIVE,0.910263406137646
Excelenteeeeee,POSITIVE,0.93959176073605
La mejor ciudad del mundo. Lejos.,POSITIVE,0.934898491551061
Yo quiero ese mate,POSITIVE,0.700765401016009
"Hey!! Estoy volviendo de jujuy en @flybondioficial unos genios!!!  Y obvio, que se a quién votar!!! #flybondi",POSITIVE,0.643246526073247
"#ViajarNosTransforma Si!! este año fue la 1era vez que viaje sola a Brasil, una experiencia extraordinaria en todo sentido. Me encontré conmigo misma y conocí lugares t gente increíbles.",POSITIVE,0.980162281449933
Luna de miel el año pasado por Tailandia  e Indonesia  . Los que iban a esperar a tener hijos para viajar más .. fuimos dos volvimos 3 .hace 10 meses que soy feliz feliz . #viajarnostransforma,POSITIVE,0.602071291487171
Playas Garota do Ipanema Tom Gobim Vinicius de Moraes Gilberto Gil Chico Buarque Charly Brown Roberto Carlos Os Paralamas... Toquinho Gal Costa Daniela Mercury Y muchísimos mas!!!,POSITIVE,0.982119895060982
Buen día Juanca!!pic.twitter.com/pWYIBfOIvo,POSITIVE,0.839949450212508
@flybondioficial promos a Rio ??? X faaaaaaa !!!!,POSITIVE,0.793248548246146
"Juan Carlos Bondi viajó en el espacio-tiempo para sacar esta foto desde RIO!! Se viene, se viene!!pic.twitter.com/FSLN0Bdegr",POSITIVE,0.741065013117474
Ya se solucionó. Muchas gracias.,POSITIVE,0.812781169316954
"""Bauru""es una comida y muy rica",POSITIVE,0.908607967830073
Todos preparados para operar los sistemas #QuintinoMHS  en #Aeropuerto de #Jujuy  Gracias a @AndesArgentina @Aerolineas_AR @intercargopcb @flybondioficial @swissport @aa2000oficial por su atencion y buena onda  durante este #Entrenamiento #TeamQuintino #WeAreQuintino pic.twitter.com/AtaDfFb2ya,POSITIVE,0.601474166025271
"Necesito que todos nombren algo típico de Brasil. Vale todo, desde comidas hasta películas.   *Es para un trabajo práctico*https://twitter.com/flybondioficial/status/1182356577707270150 …",POSITIVE,0.7086612620167
"Viajá, nene!! Y podrás disfrutar de este país maravilloso!! El precio de flybondi es re-economico. Solo tenes que llevar poco equipaje. Si tenes valija grande te cobran por ponerlo en la bodega. Hacer un viaje en avión es una experiencia fantastica. No te la pierdas",POSITIVE,0.868184663593839
Qué bonito sería poder volar #MartesDeAviones @flybondioficial  pic.twitter.com/kBBwKA8gve,POSITIVE,0.790712456971763
Vamos!!!,POSITIVE,0.676114383570221
"Jajajaja se lo relato ahi de todo jn poco , siempre vivi para poder recordar muchas anecdotas . Y cuando saliamos juntos hay varias mertens jajajaja",POSITIVE,0.875287712147717
Mejor volá por @flybondioficial,POSITIVE,0.880088972400509
Che!  Cerrame la 8 !!   Se me llenó de giles el negocio!!,POSITIVE,0.871872539267701
"Vuelvo a compartir este (Disney fue sin dudas un viaje que me transformó, fui hace 10 años, cuando tenia 14 años, y te juro que apenas pise el parque senti la magia que tiene, me largue a llorar, fue un sueño cumplido #ViajarNosTransforma @almundo_ar @bastatodo @flybondioficial",POSITIVE,0.822107081894322
"No no, el campo con precios desfavorables, está pasando igualmente su mejor momento en décadas. De hecho jamás se exportó tanto. Pero bueno, hay que conocer fuera d las urbes.",POSITIVE,0.866086552999002
Bienvenidos al desarrollo. Aguante.,POSITIVE,0.634951563639508
Buen viaje!!!,POSITIVE,0.858282512791871
Trabaje con ellos muchos años en la época de laer  !! Unos genios,POSITIVE,0.94319445387758
Quiero ese mate!,POSITIVE,0.700765401016009
Este finde tuve primer experiencia con @VuelaJetSMART  y @flybondioficial y me pareció espectacular!,POSITIVE,0.951845993988608
"Año 2015. Me anime . Viaje por Europa . Sola. Lugar : Pisa ,  . Sol . Paso firme y auriculares. Bordeando un canal . Sentí que no podía ser más feliz. Hoy escucho esa canción y me acuerdo de la sensación. #viajarnostransforma @almundo_ar @flybondioficial",POSITIVE,0.874768306438761
#MartesDeAviones hoy me lleva a subir una foto de ayer sobre la ciudad de #empedrado #corrientes con el paraná bajo y sis bancos de arena. Gracias a @flybondioficial por darnos la libertad de volar. pic.twitter.com/LobzIoFwfN,POSITIVE,0.697426072351557
"Año 2016. Lugar la isla de Ko phangan , pre Full Moon , cena en entre velas. Primer viaje con una pareja , hoy marido.  Volviendo al hostel por la playa abrazados. Sentí la perfección de lugar y compañía. #viajarnostransforma @almundo_ar @flybondioficial",POSITIVE,0.792403980306321
Me gusta como sonríen,POSITIVE,0.740599575467572
"@flybondioficial no voy a dejar de contar, el trato EXCELENTE que recibí al viajar a Posadas este año, con oxígeno y todo, tanto aquí como allá, hacen que uno se sienta un cliente VIP. Se va a revertir la situación en El Palomar! Trabajo genuino.",POSITIVE,0.620047246223561
"Gracias, ya funciona como antes",POSITIVE,0.772141092220718
Gracias ya se resolvió... continuaré con Mercadopago,POSITIVE,0.79271440274624
"Funcionó, gracias.",POSITIVE,0.730386961245277
¡Nos alegra mucho tu comentario Daniel!  Gracias por compartir tu experiencia con nosotros,POSITIVE,0.796933416494259
Bueno gracias.,POSITIVE,0.771612882913879
Después de varios días de enojos al menos @mercadopago y @ML_Argentina  me envío un mail y me soluciono el problema! Gracias!,POSITIVE,0.646312614938131
Muy bueno @izakayaelbardesushipop que te trae el QR de @mercadopago.arg a la mesa con la cuenta!!! Solo falta que MP adicione la posibilidad de dejar la propina y somos potencia!!!  https://ift.tt/35mrsyY pic.twitter.com/YFXS7hzhHb,POSITIVE,0.610420152376726
Felicitaciones Hernán por el viaje hasta ahora y lo que sigue! Suerte,POSITIVE,0.849782546323166
"Hola, muchas gracias por acercarnos tu mensaje.  Por favor contanos en qué podemos ayudarte, de esa forma te indicaremos los pasos a seguir.  Quedamos a las órdenes.",POSITIVE,0.880390007243065
"Es verdad. Punto a favor. Pero bueno, pasó lo que pasó. Tenian LECAPSSSS.",POSITIVE,0.676382116417662
"Hoy, salió almuerzo de hermanos  Lo invité a mi hermanito  (Léase: hermanito = 21 años) a comer rico en @sableparis_panaderiafrancesa que ya se sumó al pago con código QR de @mercadopago.arg ⠀⠀ ⠀⠀  Es super práctico y seguro porque hacés to… https://ift.tt/328Y90O pic.twitter.com/vhdr8BCNAC",POSITIVE,0.694564895654999
Igualmente Sería muy bueno que tenga la opción de pedir el código de seguridad en cada operación y que sea configurable,POSITIVE,0.922576269279328
¡Gracias por ser parte de esta revolución!,POSITIVE,0.667664278552016
"No usamos Uala, así que sólo podemos recomendar MercadoPago sin haber comparado, por promos y capilaridad.",POSITIVE,0.718320895452291
Luis; muchas gracias por enviarnos tu sugerencia. La tendremos en cuenta para los próximos cambios que hagamos en nuestro sitio.  Gracias a comentarios como el tuyo ¡podemos seguir mejorando cada vez más!,POSITIVE,0.604227693682499
"Excelente, muchas gracias por su tiempo.",POSITIVE,0.857156108196754
¡Gracias por elegirnos!,POSITIVE,0.854341935431607
"A ok, gracias!!",POSITIVE,0.691084038696197
Ya estoy emocionado!!!!,POSITIVE,0.758945258074809
"Pablo, estamos analizando tu caso, y te estaremos brindando una respuesta vía e-mail a la brevedad, así que aguarda nuestro contacto por allí.  ¡Agradecemos tu paciencia!",POSITIVE,0.690053652261745
@mercadopago buenas! Hice la compra y me hicieron $100 en vez de $150 de descuento. Tienen idea por qué será? pic.twitter.com/LRC6MZj1Vl,POSITIVE,0.620114326720359
Éxitos y felicitaciones por el salto Hernán! Lo mejor siempre está por venir.,POSITIVE,0.917365786156754
"¡Hola!  Para que podamos ayudarte, ingresa aquí: https://bit.ly/2wKdNRZ  y elige la opción que más se adecúe a lo sucedido.   ¡Saludos!",POSITIVE,0.826084002816878
"Bueno, muchas gracias!",POSITIVE,0.746581461897819
"@mercadopago simplemente gracias. Me he sentido acompañado en todo sentido. Tanto desee el punto de vista como comprador de productos, como de inversor.",POSITIVE,0.944589120883686
"Sofia, estamos analizando tu caso, y te estaremos brindando una respuesta vía e-mail a la brevedad, así que aguarda nuestro contacto por allí.  ¡Agradecemos tu paciencia!",POSITIVE,0.619927024569078
"Hola, muchas gracias por la información que nos enviaste.   Tu caso fue derivado al sector correspondiente para que puedan analizarlo en profundidad y brindarte una respuesta vía mail en un plazo máximo de 48 hs laborales.  ¡Saludos!",POSITIVE,0.72623269690304
"¡Gracias por recomendarnos T-CARGO Chile, no dudes en unirte a Mercado Libre! Cuentas con nosotros.",POSITIVE,0.888749888375602
"Muy buenas tardes, para que podamos ayudarte, ingresa aquí: https://bit.ly/2IkwZdH   Tendrás que hacer clic en “Elegir pago” y seleccionar alguna de las opciones que más de adecúe a tu problema.  ¡Saludos!",POSITIVE,0.832836876845105
A mi no deja de sorprenderme que @mercadopago esta presente al nivel de las otras. Es otro de los logros impresionantes que tienen. https://twitter.com/businessinsider/status/1182771349611319298 …,POSITIVE,0.913621871672593
¡Nos encanta que estés a gusto con nuestra plataforma! De aquí en mas quedamos a tus órdenes para lo que necesites. ¡Saludos!,POSITIVE,0.672018490943159
Es increible se hacen los modernos y tenes q hacer 7 cosas para cargar unantarjeta de metro,POSITIVE,0.892745590580393
Todos los éxitos Hernan en lo que se venga!,POSITIVE,0.740384185667598
"¡Eliana, gracias por tu comentario! #LoMejorEstáLlegando",POSITIVE,0.605605258869332
"Laura, nos encanta leer esto :)    ¡Sigamos viajando juntos!   #MiManera #MiMercadoPago",POSITIVE,0.682897166346414
Se solucionó ya.,POSITIVE,0.862724524644313
Calma que hay que testear que todo ande bien. Falta poco. La respuesta ha sido INCREÍBLE,POSITIVE,0.82466516477046
Lo mejor está por venir,POSITIVE,0.730858440263796
"Buenos días, espero se pueda solucionar pronto este tema.",POSITIVE,0.63089970530335
Lo mejor para vos en esta nueva etapa,POSITIVE,0.738045837374106
"El usuario es ROLU1827065, gracias",POSITIVE,0.605499904779359
"Buenas tardes,   Tienes el caso: 36513003 abierto, por lo que estaremos en contacto contigo por ese medio.   ¡Que tengas excelente jornada!",POSITIVE,0.751040551063551
Hola!  Muchas gracias por recomendarnos.   Cuentas con nosotros!,POSITIVE,0.644960502777781
Era lindo cuando se podía confiar en Mercado Libre!,POSITIVE,0.842672271858229
Éxitos Hernan... en el nuevo trabajo y felicitaciones por todo lo logrado.,POSITIVE,0.926234787521616
¡Hola Hernán! ¡Muchas gracias por tu sugerencia! La tendremos en cuenta para mejorar la experiencia de nuestros usuarios y la vamos a estar elevando al sector correspondiente. Queremos que sepas que nos importa mucho conocer tu opinión.,POSITIVE,0.615757292541022
"¡Nos alegra mucho tu comentario Fede! Si quieres recomendarnos a tus amigos, arróbalos aquí. ¡Nos encanta conocer personas!",POSITIVE,0.939554295150137
"Hola July, muchas gracias por acercarnos tu mensaje.  Por favor contanos en qué podemos ayudarte con dicho inconveniente, de esa forma te indicaremos los pasos a seguir.  Quedamos a las órdenes.",POSITIVE,0.639533543597236
"¡Buenas! Para que podamos ayudarte, ingresa aquí: https://bit.ly/2B1AmH7  Haz clic en “Elegir pago” y selecciona alguna de las opciones que más se adecúe a tu problema. ¡Te esperamos!",POSITIVE,0.801760238725269
Felicitaciones por lo hecho y exitos en tu nuevo espiral .,POSITIVE,0.840899460204338
¡Me gusta! Casa De 3 Dormitorios Con Garage Y Parrillero https://casa.mercadolibre.com.uy/MLU-465125613-casa-de-3-dormitorios-con-garage-y-parrillero-_JM … vía @Mercadolibre,POSITIVE,0.731167048378886
Somos tu mejor opción. Siempre con productos de mejor calidad. Mercadolibre: http://tinyurl.com/y2nc8xcg  @Kefinoimport  Siguenos en instagram: http://tinyurl.com/y6ycg3el     … … … …  Visita nuestra pagina web: http://tinyurl.com/y5bfdrq8 pic.twitter.com/r13jmm1htE,POSITIVE,0.901729623925107
Somos tu mejor opción. Siempre con productos de mejor calidad. Mercadolibre: http://tinyurl.com/y2nc8xcg  @Kefinoimport  Siguenos en instagram: http://tinyurl.com/y6ycg3el     … … … …  Visita nuestra pagina web: http://tinyurl.com/y5bfdrq8 pic.twitter.com/r13jmm1htE,POSITIVE,0.901729623925107
Felicitaciones!!! @marcos_galperin @JorgeOHiggins,POSITIVE,0.917476951182693
Qué lindas épocas cuando @Mercadolibre era libre...,POSITIVE,0.976239623068563
Llego mi paquete estoy emocionada amo @Mercadolibre  excelente servicio ***** pic.twitter.com/8ZvtnBIlEt,POSITIVE,0.810187700991078
mis favoritos de mercadolibre son un juego de sábanas blancas hermoso y un longboard jakskjajs muy coherentes entre sí,POSITIVE,0.94769854251669
"Muchas gracias por acercarnos tu mensaje Jose.  Para que podamos ayudarte, ingresa aquí: https://bit.ly/2wKdNRZ  y elige la opción que más se adecúe a lo sucedido.",POSITIVE,0.818912988523622
muchísimas gracias ML_Ayuda,POSITIVE,0.615129160259725
"Ya existe genios se llama ropa unisex, felicidades dscubrieron el agua azucarada",POSITIVE,0.919934814832146
Somos tu mejor opción. Siempre con productos de mejor calidad. Mercadolibre: http://tinyurl.com/y2nc8xcg  @Kefinoimport  Siguenos en instagram: http://tinyurl.com/yayjq87q     … … … …  Visita nuestra pagina web: http://tinyurl.com/y5bfdrq8 pic.twitter.com/r13jmm1htE,POSITIVE,0.901729623925107
Muero por ir al #ConciertoExa con #mercadolibre  Soy muy fan! Los amooooooooo pic.twitter.com/hHqVIGYwSa,POSITIVE,0.770086679036988
Nuestra chica trendy es la mejor para esta nueva propuesta de @Mercadolibre #ModaSinGenero  BARBARA X MODA SIN GENEROpic.twitter.com/WnDSWhITFA,POSITIVE,0.864017088823675
"Para que podamos ayudarte te pedimos que nos detalles tu consulta, de este modo podremos asesorarte o guiarte con el equipo encargado de ser necesario.  ¡Te esperamos!",POSITIVE,0.816247551236134
Que buena... Mucho éxito,POSITIVE,0.882136450659954
"Aprovecha las súper promociones que tenemos para ti en muebles #Casalista ya ensamblados, con un 25% de DESCUENTO en nuestra tienda oficial de #MercadoLibre pic.twitter.com/sxzH310tLa",POSITIVE,0.787279223025391
Somos tu mejor opción. Siempre con productos de mejor calidad. Mercadolibre: http://tinyurl.com/y9x73ysh   Siguenos @Kefinoimport  Siguenos en instagram: http://tinyurl.com/y5hc5bpu   Visita nuestra pagina web: http://tinyurl.com/yasv8znb pic.twitter.com/O1CRwqjEF6,POSITIVE,0.901729623925107
"¡A LA VENTA YA, SALTA POR EL TUYO!. La única colección oficial, y es Panini.  #FortnitePanini #Fortnite #FortniteColombia  Encuéntralo en Pepeganga, Éxito, Carulla, Panamericana, Olímpica, Todo en Artes (Medellín), y nuestra tienda en Mercadolibre en http://bit.ly/PaniniML pic.twitter.com/Y56QGTNs4v",POSITIVE,0.97505524829919
Somos tu mejor opción. Siempre con productos de mejor calidad. Mercadolibre: http://tinyurl.com/y22ptebm  @Kefinoimport  Siguenos en instagram: http://tinyurl.com/yyf6rjod    … … … …  Visita nuestra pagina web: http://tinyurl.com/yxmj3jse pic.twitter.com/JSwpS3Ocf4,POSITIVE,0.901729623925107
¿Ya están listos para el #ConciertoExa? ¡Felicidades a todos los ganadores que participaron con  @Mercadolibre!   ¡Nos vemos mañana en el Foro Sol!  pic.twitter.com/5tuVBaU7l0,POSITIVE,0.669576479351596
JAJAJAJAJA GENIAL (ya 40),POSITIVE,0.801340479480237
Somos tu mejor opcion. Siempre con productos de mejor calidad. Mercadolibre @Kefinoimport  Siguenos en instagram: http://tinyurl.com/yafm9xoh   … … … …  Visita nuestra pagina web: http://tinyurl.com/y2jprwxw pic.twitter.com/86X4m5X04N,POSITIVE,0.901729623925107
Felicitaciones @Mercadolibre por una comunidad  más inclusiva   BARBARA X MODA SIN GENERO https://twitter.com/loveistagless/status/1177379775641509888 …,POSITIVE,0.927403203518892
Fueron!,POSITIVE,0.676114383570221
Somos tu mejor opción. Siempre con productos de mejor calidad. Mercadolibre  Siguenos @Kefinoimport  Siguenos en instagram: http://tinyurl.com/yawzk3c2   Visita nuestra pagina web: http://tinyurl.com/y6whb25o pic.twitter.com/RpuKOrtcRm,POSITIVE,0.901729623925107
Somos tu mejor opción. Siempre con productos de mejor calidad. Mercadolibre: http://tinyurl.com/y9x73ysh   Siguenos @Kefinoimport  Siguenos en instagram: http://tinyurl.com/y5hc5bpu   Visita nuestra pagina web: http://tinyurl.com/yasv8znb pic.twitter.com/O1CRwqjEF6,POSITIVE,0.901729623925107
Mercadolibre es mi red social preferida,POSITIVE,0.699553204841677
"¡A LA VENTA YA, SALTA POR EL TUYO!. La única colección oficial, y es Panini.  #FortnitePanini #Fortnite #FortniteColombia  Encuéntralo en Pepeganga, Éxito, Carulla, Panamericana, Olímpica, Todo en Artes (Medellín), y en nuestra tienda en Mercadolibre en http://bit.ly/PaniniML pic.twitter.com/zNhmjarapM",POSITIVE,0.97505524829919
Muchas gracias por su ayuda estoy atenta.,POSITIVE,0.747540505686737
Marcelo si tanto te gusta el género por qué te identificas como perilla de puerta? Jaque mate.,POSITIVE,0.685834035717118
"JUSTO LO QUE NECESITABA, GRACIAS @Mercadolibre  pic.twitter.com/XEvwMVCaCA",POSITIVE,0.941456803658102
Somos tu mejor opción. Siempre con productos de mejor calidad. Mercadolibre: http://tinyurl.com/y2nc8xcg  @Kefinoimport  Siguenos en instagram: http://tinyurl.com/y6ycg3el     … … … …  Visita nuestra pagina web: http://tinyurl.com/y5bfdrq8 pic.twitter.com/r13jmm1htE,POSITIVE,0.901729623925107
Somos tu mejor opción. Siempre con productos de mejor calidad. Mercadolibre: http://tinyurl.com/y2nc8xcg  @Kefinoimport  Siguenos en instagram: http://tinyurl.com/y6ycg3el     … … … …  Visita nuestra pagina web: http://tinyurl.com/y5bfdrq8 pic.twitter.com/r13jmm1htE,POSITIVE,0.901729623925107
Muy bienvenido!!,POSITIVE,0.848608067229688
100% de acuerdo!,POSITIVE,0.74704534187274
GRACIAS ya me resolvieron,POSITIVE,0.795445643109584
"Merecidisimo reconocimiento, felicitaciones @drabinovich, muy bueno saber que los premios a la trayectoria son tambien para gente joven",POSITIVE,0.977361528130542
"Amigos, pasen por mi tiendita en #MercadoLibre. Ofrezco artículos nuevos como el de esta publicación y también ropa y calzado #secondhand.   ¡Agradezco si me apoyan con retuit!   Bolígrafo Mont Blanc Nuevo Original Starwalker Midnighthttps://articulo.mercadolibre.com.ve/MLV-540184434-boligrafo-mont-blanc-nuevo-original-starwalker-midnight-_JM …",POSITIVE,0.884241257882781
Supiste elegir bien  @Mercadolibre Bárbara López una mujer bella y ser humano increíble.   BARBARA X MODA SIN GENERO  #ModaSinGenerohttps://twitter.com/littleachaga/status/1177376737233182721 …,POSITIVE,0.622961767272569
Somos tu mejor opción. Siempre con productos de mejor calidad. Mercadolibre: http://tinyurl.com/y9x73ysh   Siguenos @Kefinoimport  Siguenos en instagram: http://tinyurl.com/y5hc5bpu   Visita nuestra pagina web: http://tinyurl.com/yasv8znb pic.twitter.com/O1CRwqjEF6,POSITIVE,0.901729623925107
Nunca deja de sorprenderme la falta de comprensión lectora que tiene la gente que compra en mercadolibre.,POSITIVE,0.825288789592518
"Uno de los mejores lugares para trabajar en Argentina, después conta q onda!",POSITIVE,0.768866775578436
"Nuevo ingreso de septiembre!!! Hermoso tiro alto chupin con detalles de cadenas, es realmente hermoso  calce perfecto Envío es SIN CARGO a todo el pais!!! Este y muchos más los encontrarán en nuestro e-shop de mercadolibre: https://eshops.mercadolibre.com.ar/4SCORPIONES  #4scorpiones #jeanspic.twitter.com/AUuuRyVoNT",POSITIVE,0.923638696026477
¡Me gusta! Cuadros Decorativos https://articulo.mercadolibre.com.uy/MLU-466750037-cuadros-decorativos-_JM … vía @Mercadolibre,POSITIVE,0.900207186891255
Somos tu mejor opción. Siempre con productos de mejor calidad. Mercadolibre: http://tinyurl.com/yc46ac9c  @Kefinoimport  Siguenos en instagram: http://tinyurl.com/y6ycg3el     … … … …  Visita nuestra pagina web: http://tinyurl.com/y7esd35r pic.twitter.com/r13jmm1htE,POSITIVE,0.901729623925107
"Me parece bueno que expandan la marca en Colombia me llena de satisfacción, aunque estoy más pendiente de la página oficial de ustedes en MercadoLibre",POSITIVE,0.732134895839902
Aunque esos de MercadoLibre ya están bien verijudos,POSITIVE,0.748613145223818
Haz tus compras seguras con nosotros y sigue disfrutando del mejor servicio #FerroExperto https://bit.ly/2WuOEGg  #MercadoLibre #ventasenlinea https://www.instagram.com/p/B2hksdMA6pU/?igshid=aug9r55nwsla …,POSITIVE,0.704638383451525
Somos tu mejor opción. Siempre con productos de mejor calidad. Mercadolibre: http://tinyurl.com/y2nc8xcg  @Kefinoimport  Siguenos en instagram: http://tinyurl.com/y6ycg3el     … … … …  Visita nuestra pagina web: http://tinyurl.com/y5bfdrq8 pic.twitter.com/r13jmm1htE,POSITIVE,0.901729623925107
¡Me gusta! Mueble De Baño Acanalado 3 De 120 Cm Cubierta De Mármol https://articulo.mercadolibre.cl/MLC-508109130-mueble-de-bano-acanalado-3-de-120-cm-cubierta-de-marmol-_JM … vía @Mercadolibre,POSITIVE,0.829847850007555
Dale un toque moderno a tu baño con #Jacinto Visita nuestras tiendas autorizadas o ingresa a este link https://bit.ly/2lP4Btm   y disfruta de un 35% de descuento por nuestro mes aniversario.  #TocaSienteVive #AmaDeCasa #Mercadolibre pic.twitter.com/g4KXq5tt83,POSITIVE,0.936788002208042
"Ya conoces su sección de productos sustentables ¡y te encanta! Ahora @Mercadolibre ha lanzado su categoría Moda sin Género, apostando por la diversidad... ¡Conócela!  http://bit.ly/2nyortV",POSITIVE,0.905888129435811
¡Muchas Felicidades @Mercadolibre  por su 20 aniversario!   En Intermoda estamos orgullosos de colaborar con el líder de E-commerce más importante de latinoamérica. ¡Celebremos su trayectoria! pic.twitter.com/aXdXiv65Bg,POSITIVE,0.894573255889504
Somos tu mejor opción. Siempre con productos de mejor calidad. Mercadolibre: http://tinyurl.com/y22ptebm  @Kefinoimport  Siguenos en instagram: http://tinyurl.com/yyf6rjod    … … … …  Visita nuestra pagina web: http://tinyurl.com/yxmj3jse pic.twitter.com/JSwpS3Ocf4,POSITIVE,0.901729623925107
"¡A LA VENTA YA!. La única colección oficial, y es Panini. #FortnitePanini #Fortnite #FortniteColombia  Encuéntralo en Pepeganga, Almacenes Éxito, Carulla, Panamericana, Olimpica, Todo en Artes (Medellín), y en nuestra tienda oficial en Mercadolibre en http://bit.ly/PaniniML pic.twitter.com/YYbWn2O0kc",POSITIVE,0.95558783228821
"Super entusiasmados con la repercusión que están teniendo nuestras charlas sobre El mundo de los oficios e internet, compartiendo panel junto a @Mercadolibre  y con el auspicio de la Secretaría de Modernización @ModernizacionAR  ¡Muchas gracias!pic.twitter.com/TI3Ud3dcwI",POSITIVE,0.694176557033803
Somos tu mejor opción. Siempre con productos de mejor calidad. Mercadolibre: http://tinyurl.com/y9x73ysh   Siguenos @Kefinoimport  Siguenos en instagram: http://tinyurl.com/y5hc5bpu   Visita nuestra pagina web: http://tinyurl.com/yasv8znb pic.twitter.com/O1CRwqjEF6,POSITIVE,0.901729623925107
"Hola,  ¡Vender productos en Mercado Libre es fácil!  1. Ingresa en el link http://www.mercadolibre.com/ , elige tu país y crea tu cuenta.  2. Ingresa en Vender y elige la categoría Productos y otros.  3. Describe el producto y condición.  4. Elige un tipo de publicación y ¡listo!",POSITIVE,0.768157232657545
Somos tu mejor opción. Siempre con productos de mejor calidad. Mercadolibre: http://tinyurl.com/y2nc8xcg  @Kefinoimport  Siguenos en instagram: http://tinyurl.com/y6ycg3el     … … … …  Visita nuestra pagina web: http://tinyurl.com/y5bfdrq8 pic.twitter.com/r13jmm1htE,POSITIVE,0.901729623925107
"Martin, es importante que sepas que la reputación no se actualiza en tiempo real, sino que conlleva un tiempo el poder analizar tus nuevas ventas y envíos. Confiamos en que se actualizará muy pronto, por lo que te pedimos que aguardes. ¡Feliz viernes!",POSITIVE,0.703775596109813
"Por un mundo sin diferencias de precios !!! Mercado Libre vende todo por $2,00!!!",POSITIVE,0.718945559391995
Genio!,POSITIVE,0.728548600952192
"es verdad buscalibre es muy buena, son cumplidos y más económico que otras plataforma y el plus del envió gratis es genial.",POSITIVE,0.956473754204398
"Estas fácil desde la app de litelcel, la app de tu banco o la app de mercadolibre",POSITIVE,0.601907108124775
Somos tu mejor opción. Siempre con productos de mejor calidad. Mercadolibre: http://tinyurl.com/y22ptebm  @Kefinoimport  Siguenos en instagram: http://tinyurl.com/yyf6rjod    … … … …  Visita nuestra pagina web: http://tinyurl.com/yxmj3jse pic.twitter.com/JSwpS3Ocf4,POSITIVE,0.901729623925107
"Felicitaciones Marcos los mejores siempre, me gustaría poder mostrarte un proyecto que se te va a interesar es único y ninguna plataforma lo hace si tenés un tiempo de que no te vas a arrepentir",POSITIVE,0.865316205779509
"Hice una venta en mercadolibre y el tipo me pidió que le haga precio y si se lo podía alcanzar a la casa. Le hice precio y le dije que se lo alcanzaba a la estacion del subte que le quede cómodo y cuando arreglamos me dice ""ahora te paso la dirección de mi casa"" no entiende o que",POSITIVE,0.887812149958717
Somos tu mejor opción. Siempre con productos de mejor calidad. Mercadolibre  Siguenos @Kefinoimport  Siguenos en instagram: http://tinyurl.com/y2885q53   Visita nuestra pagina web: http://tinyurl.com/yyydxp8p pic.twitter.com/RpuKOrtcRm,POSITIVE,0.901729623925107
"En mercadolibre varias opciones. Yo compré hace poco de Almendro, aunque solo fue un saco",POSITIVE,0.618157366776277
"Bello, hermoso y elegante Tiro Alto clásico... Como todo en Gell Maycla, el calce es perfecto y la calidad es excelente Este modelo y muchos más, los encontrarás en nuestro e-shop exclusivo de mercadolibre: https://eshops.mercadolibre.com.ar/4SCORPIONES  Un consejo: No te los pierdas #4scorpionespic.twitter.com/aHKh1xxklg",POSITIVE,0.863490267326763
Amo todo lo que odia el peronismo   FlyBondi Uber Farmacity MercadoLibre Belgrano Cargas Metrobus Gendarmería Marcas pindongas  *aceptos sugerencias,POSITIVE,0.897891905218098
"No me van a creer, ni yo puedo creerlo... Compré en #mercadolibre y llegó en tiempo récord",POSITIVE,0.631423789621252
"Felicitaciones Daniel genial como siempre, le envié un msje privado que le puede interesar mucho.",POSITIVE,0.789970289274075
Somos tu mejor opción. Siempre con productos de mejor calidad. Mercadolibre: http://tinyurl.com/y9x73ysh   Siguenos @Kefinoimport  Siguenos en instagram: http://tinyurl.com/y5hc5bpu   Visita nuestra pagina web: http://tinyurl.com/yasv8znb pic.twitter.com/O1CRwqjEF6,POSITIVE,0.901729623925107
Mercadolibre lo ví. Yo lo compre en la Filbo,POSITIVE,0.741389253467206
Gran infografía que hizo @bancolombia. MercadoLibre es un modelo para América Latina. Alguna de sus principales claves de éxito están relacionadas con los movimientos estratégicos que previó en su plan de negocios... pic.twitter.com/DxYGLGmQyW,POSITIVE,0.671088815916273
La vi en MercadoLibre. También es buena opción para lo que busco.,POSITIVE,0.890677342466649
Somos tu mejor opción. Siempre con productos de mejor calidad. Mercadolibre: http://tinyurl.com/y2nc8xcg  @Kefinoimport  Siguenos en instagram: http://tinyurl.com/y6ycg3el     … … … …  Visita nuestra pagina web: http://tinyurl.com/y5bfdrq8 pic.twitter.com/r13jmm1htE,POSITIVE,0.901729623925107
"¡En el mes de mamá regalá deporte! Este viernes 11 aprovechá esta promo imperdible con tu tarjeta #Naranja, 20% de descuento y 6 cuotas cero interés http://s.naranja.com/especialdeporte pic.twitter.com/kqhQZrOgm4",POSITIVE,0.832534322437447
"#OCTUBRE con algo especial para vos! Tu familia siempre protegida, aprovecha esta oportunidad imperdible para nuevos afiliados! Con @naranja adherite al Débito Automático y te bonificamos la primera cuota. Estas bien protegido #MetMedicinaPrivada #naranja #debito #cuidadopic.twitter.com/PkD2rCX0F1",POSITIVE,0.751599510768815
"Llega la primavera y el amor, ¿no?  ¿De quién te habrás enamorado?",POSITIVE,0.853515637623426
Perfecto...el descuento se ve reflejado en el resumen no?,POSITIVE,0.650909414843133
Genial! Ahora les mando,POSITIVE,0.786836951362374
Genial Claudio. Seguimos por ese medio,POSITIVE,0.888453737533672
La mejor pizzeria,POSITIVE,0.84437222874567
"¡Se viene el día de la madre! Si no sabes que regalarle a mamá, no enloquezcas . Te traemos #SMARTES y con tu tarjeta #Naranja tenes hasta 25% de descuento, y #PlanZ 3 cero interés en todas estas marcas de indumentaria  http://bit.ly/2AGmZsD pic.twitter.com/1Us0RHOzMQ",POSITIVE,0.707807598801134
Buen dia! Para compra on line o en tiendas?,POSITIVE,0.883694229127878
"@naranja felicidades y a todas sus mujeres increíbles que ponen a su empresa e  lo más alto, siempre !!!! Brillante!!!! https://twitter.com/milimartinez/status/1182300542799929345 …",POSITIVE,0.817125143535322
WOHOO!! Ahora digo yo... me cuentas jajajaa! Me tiene las emociones en una montaña rusa,POSITIVE,0.71134496840816
MÁS LES VALE,POSITIVE,0.885588463020484
Buenísima,POSITIVE,0.948566772796753
Estaría bueno que se copen y pongan las temporadas de American Horror Story,POSITIVE,0.636706977005771
Muy buen dato!,POSITIVE,0.817320392533846
Yo también quiero ver la última temporada,POSITIVE,0.624377559545802
"Hermoso, gracias!",POSITIVE,0.894356065584417
Veámosla juntos amor,POSITIVE,0.730334354808954
Está re buena,POSITIVE,0.931357204311774
Me encanta,POSITIVE,0.853082744551352
Gracias @NetflixLAT por Perfectos desconocidos. Te amo.,POSITIVE,0.825218061427042
Que emoción  escuchar @angelicavale en la voz de Garcia  en la versión Inglés y español  #SeisManos disponible en @NetflixLAT pic.twitter.com/dfyMQfUML6,POSITIVE,0.656469585445826
Y deja que veas la segunda temporada. A mí gusto mucho mejor. Increíble,POSITIVE,0.873219668374397
Seguimos Muy contentos de que @BettyEnNY este gustantdo tanto en @netflixlat @netflixmexic0 y @netflixes y en @hulu en USA Feliz Jueves !  Happy Thursday ! @BernardBullen @BettyEnNYpic.twitter.com/vBcmIgCWO5,POSITIVE,0.725918285337436
yo mañana salgo tipo 1 pero en adelante estoy libre,POSITIVE,0.747366525070865
Ya vieron @sepulturacombr Endurance en @NetflixLAT . Recomendado para los que les gusta la banda.,POSITIVE,0.731125347833137
si estuvieran todas las películas de Harry Potter ahora si sería una buena noche,POSITIVE,0.861266272664601
¿Ya vieron #POLITICIAN en @NetflixLAT? ¡Se las recomiendo!,POSITIVE,0.769651825486303
En serio?  Si está muy buena!!,POSITIVE,0.885108124476691
ESPECTACULAR!! La amoo,POSITIVE,0.957962166693454
"Os la recomiendo, es muy buena",POSITIVE,0.938382168124297
Muy buena. Notable el contraste de policías hombres y mujeres frente a un mismo escenario.,POSITIVE,0.966439419700142
Con mates!!! Te ves mínimo dos temporadas!! Ja,POSITIVE,0.720528889309652
"#ThePolitician se convirtió en mi nueva serie favorita ¡Todo los personajes, outfits, colores, diversidad, todo es perfecto! @NetflixLAT #PureGold",POSITIVE,0.977803351302783
Más te vale :),POSITIVE,0.885588463020484
"Te amo, mi @sebastianrulli.",POSITIVE,0.713697206369304
Tauro  muchas gracias tío netflix Marianne es una exquisitez en suspenso y me encanto!!,POSITIVE,0.91042542612405
Me parece buena,POSITIVE,0.75400972482999
Hola @NetflixLAT para cuando la nueva temporada de Luis Miguel???Saludos cordiales.,POSITIVE,0.683683118187085
"Graciax @NetflixLAT, la estoy viendo",POSITIVE,0.643779808461609
#Mindhunter es de las Mejores series de @NetflixLAT pic.twitter.com/zsz37KmWfO,POSITIVE,0.875156975636193
lo reconozco es un personaje muy bien pensando,POSITIVE,0.606644906413357
"Brooklyn 99 es la mejor serie, ¿cómo pudo haber pedido eso? pic.twitter.com/g6dn0dPsjN",POSITIVE,0.890007182829053
"Ando muy aficionado a los stand up de negros, son los más chistosos y bien narrados, les recomiendo el de Deon Cole está en @NetflixLAT",POSITIVE,0.873744269277986
obviamente con la bebida de los dioses. Café.,POSITIVE,0.766142389118258
Ya  mañana  @angelicavale qué emoción!! #seismanos por @NetflixLAT,POSITIVE,0.752728509404666
"Un placer como siempre ver a Gaby y vi la peli en el cine, estuvo buena ;)",POSITIVE,0.950188593589439
a las 00:00 quiero la 5ta temporada de peaky blinders subida @NetflixLAT gracias,POSITIVE,0.738530710510843
"Haciendo un buen uso de mis obsesiones, me puse a hablar un buen rato sobre Breaking Bad y el universo de Vince Gilligan en el podcast #NadaQueVer de @NetflixLAT, hoy en el estreno de ""El Camino"" se los dejo a ver qué les parece, me divertí muchísimo https://twitter.com/asicomosuenamx/status/1182664719271940101?s=20 …",POSITIVE,0.670657256004924
Qué buena película la de Capitán Fantástico con Viggo Mortensen @ViggoArt me encantó @NetflixLAT,POSITIVE,0.975302339221745
A ella la ame,POSITIVE,0.778192036335488
La vi este año en @NetflixLAT y me pareció muy entretenida,POSITIVE,0.894191692586807
"En serio, que chingonería de serie #Knightfall. #Landry me hace babear jajajaja!!! Me enganché totalmente. Espero que pongan la segunda temporada muy pronto @NetflixLAT",POSITIVE,0.761121701165945
Alguna recomendación para esta noche en @NetflixLAT,POSITIVE,0.866951104957928
Vaya regalo @NetflixLAT el día de mi cumpleaños en vez de socializar me voy a ver la serie completa.,POSITIVE,0.675787279896285
"Emoción y nostalgia, te recuerda el nivel de performance del elenco, la calidad de serie y lo chapuceras q son las series en general",POSITIVE,0.963897962366634
El final final me encantó como todo conectó y sorpresa en la historia de cuando el se enterada de que... eso dio un giro totalmente a todo lo que estamos acostumbrados a ver,POSITIVE,0.931533388138984
Un rico cafecito para ver En la Hierva Alta,POSITIVE,0.984857639609222
"Muy buena la primer temporada de #MonarcaLaSerie. Cliché? Si, puede ser. Pero no deja de atraparte y sorprende. Esperando por la segunda temporada @NetflixLAT !!! pic.twitter.com/BHmagedvV7",POSITIVE,0.650658485861958
Qué bonitos ustedes. pic.twitter.com/Rlq8tgLepm,POSITIVE,0.893931644315214
Esta interesante la peli de En la Hierba Alta de @NetflixLAT,POSITIVE,0.644336612818822
Esta mas interesante que la de Carlitos...,POSITIVE,0.91334200431929
Espero que pronto la suba @NetflixLAT para poderla ver en su idioma original Japonés con subtítulos en español o inglés :) https://twitter.com/retrochenta/status/1182625137973174273 …,POSITIVE,0.626684660268049
Un buen pelo #perfectosdesconocidos @NetflixLAT,POSITIVE,0.638192919991471
2 y 4 de lujo,POSITIVE,0.891797052438067
Les recomiendo #Explained de @NetflixLAT,POSITIVE,0.738699283457027
"Es muy buena, cine Mexicano que está hecho fuera de la@historia de amor clásica y reivindica a los solteros. No es la máxima producción. Pero vale la pena.",POSITIVE,0.75115862871604
"Casi como la #PuertaDeAlcalá. Por cierto, se viene la tercera temporada de #TheCrown @TheCrownNetflix en @NetflixLAT  Una serie que recomiendo mucho.  #CróticasDeCine @radio102nueve @ElMundoSV #streaminghttps://twitter.com/SenoraCatolica/status/1178886104646180864 …",POSITIVE,0.68879552081684
"Wow buen guión, actores, dirección en #MonarcaLaSerie  me gusto, ahora esperar la 2da temporada. @NetflixLAT",POSITIVE,0.807306460008223
Gracias por esta alegría,POSITIVE,0.773166669041173
Cuando suban TODA la saga de Harry Potter va estar bien..  @NetflixLAT pic.twitter.com/fZ4IZ9TpUj,POSITIVE,0.827597019841909
"Me gustó Hiperdrive y la historia de la niña sudafricana me llego al corazón, ya quiero la temporada 2 pic.twitter.com/xg0INnxvar",POSITIVE,0.892446635132248
Ve riverdale me encanta la temporada 3,POSITIVE,0.983375347011215
La mejor serie de la historia #BreakingBad,POSITIVE,0.91134226523867
¿Pero qué tal andamos de memes?  Bien felices.,POSITIVE,0.678346596853766
"Acabo de ver en Netflix #HastaLosDientes, el documental, muy bueno el documental y muy pero muy valioso tú aporte, te felicito y espero que te encuentres muy bien, saludos!!!",POSITIVE,0.878898118025772
TE AMO,POSITIVE,0.713697206369304
Millones de gracias por está hermosa y perfecta revista  @Harry_Styles,POSITIVE,0.856772282730371
Está genial,POSITIVE,0.956203474027636
Soy tauro y la amo pic.twitter.com/lcMQBvIPOB,POSITIVE,0.801086788790541
Y el final fue lo mejor!,POSITIVE,0.70647998996538
"y con la inclusion de HBO, Paramount y mas series UFFFFAAASSSS!",POSITIVE,0.682614803533614
Es extremadamente pulcra! Mis respetos a los creadores.,POSITIVE,0.816833884255296
Dame más temporadas de #danceacademy porfavooor! @NetflixLAT....La ameeee,POSITIVE,0.690169520419153
Soy feliz,POSITIVE,0.649465662450144
Querido @NetflixLAT podrías traer esta serie completa??? Porfavooooor  pic.twitter.com/tVn6pDHcIF,POSITIVE,0.651465623357193
¡Gracias! ¡Me recomiendas alguna serie o película; que esté  en Netflix?,POSITIVE,0.665208328142724
Véanse “Living Undocumented” en @NetflixLAT es impresionante!,POSITIVE,0.958980791628768
"De las mejores series, mi favorita!",POSITIVE,0.904893809460943
"Que está muy buena por cierto, saludos mano.",POSITIVE,0.613755490700425
Maeeee se pasó. Que rico,POSITIVE,0.809611867497078
Yo la estoy viendo  me parece una buena serie,POSITIVE,0.767106815784904
"Ruido de @alvarobisama (Chile), de Leila está Cuba en la encrucijada, que en verdad es una serie de crónicas y relatos de cubanos y extranjeros que muestran otro lado de Cuba... cómo era maquillarse en el período especial, por ejemplo. También de ella Una historia sencilla.",POSITIVE,0.736976896622663
Gracias @NetflixLAT por esto!!!! pic.twitter.com/qFyF2bVSOw,POSITIVE,0.716421805993555
Amo a Edwarda Gurrola,POSITIVE,0.713697206369304
"Felicitaciones al diseñador, gran composición.",POSITIVE,0.943787763283199
Con cafecito gracias.,POSITIVE,0.954891738162623
Es lo más genial !!! Vamos a verla,POSITIVE,0.946081416450472
Era buenísima! Ojalá algún día llegué a @NetflixLAT,POSITIVE,0.730008371846452
Esta increíble! Temporada 2 ya por favor !!!,POSITIVE,0.755917539724729
lo que se vieneeeee,POSITIVE,0.600677353766811
Que emoción!!!,POSITIVE,0.788905576664417
Todas las películas basadas en sus libros están bien sarras. Me hace pensar que los libros también lo son,POSITIVE,0.65649562378702
@NetflixLAT este mes está subiendo nuevas temporadas de series que me encantannnnn <3,POSITIVE,0.90920997028257
AL FIN UNA BIEENNNNNNN,POSITIVE,0.62041539259461
Y esta muy buena,POSITIVE,0.931357204311774
@Itzellr  tb a tu recomendación del día,POSITIVE,0.715212540746846
Suban The Martian se los pido por el amor de Júpiter!,POSITIVE,0.693027084524841
Bien mamadora,POSITIVE,0.651854068167007
"Volvemos con #Cinetflix dentro de una hora, a las 8:30 p.m. por este canal tuitero. Y como hemos comprobado hoy que la realidad supera a la ficción, vamos con recomendaciones de buenísimos documentales que encuentran en @NetflixLAT ¡Avísenles a todos que ya entramos en calor! pic.twitter.com/USq2s09cvm",POSITIVE,0.733439848107603
Ando tripiandome #EnPocasPalabras de @NetflixLAT y está demasiado bueno,POSITIVE,0.737521690216658
Claro a mi me gusto tanto que ya lo vi 2 veces,POSITIVE,0.600746276300218
@NetflixLAT buenas noches Netflix eres amable y me dices si puedo conseguir The Act en la parrilla en colombia o con que nombre la consigo,POSITIVE,0.784533239847074
Mi columna de esta semana en @hispanopost sobre mi serie favorita de lo que va de año: Merlí en @NetflixLAT   @MerliTV3https://twitter.com/hispanopost/status/1179025358236110848 …,POSITIVE,0.915513247376815
Que lindaaaaa  es una artista,POSITIVE,0.960094612772277
me encanta,POSITIVE,0.853082744551352
Un poco de suerte no me vendría mal.  De @EliteNetflix y @NetflixLAT pic.twitter.com/AaKqWaA9v4,POSITIVE,0.638185932463604
Sería un éxito de primera!,POSITIVE,0.830404709862251
Pues Yo la voy a volver a ver cuando esté en @NetflixLAT porque está buenísima #notepuedesesconder @ivansanchezz_,POSITIVE,0.87754120824318
Subieron la 3er temporada de Riverdale. Gracias @NetflixLAT te amoo por siempre!!,POSITIVE,0.980632263935486
"Titus, también era buena.",POSITIVE,0.759128332490611
Espectacular,POSITIVE,0.977451512883942
Octubre es uno de los mejores meses que tendrá @NetflixLAT en lo que va del 2019!!! Que buenas series y películas se estrenan!!! Principalmente las segundas temporadas de #LaCasaDeLasFlores e @insatiable_ !!!,POSITIVE,0.909380418654792
Eres la mejor relación que tengo,POSITIVE,0.899458987643299
Una maratón seguro!!!!,POSITIVE,0.674627446653967
Me encanta esta serie @sebastianrulli,POSITIVE,0.846603381805272
Ya estoy viendo @PoseOnFX en @NetflixLAT y me encanta  pic.twitter.com/j85LSV8DVR,POSITIVE,0.857542928465234
Vi por primera vez la serie #BatesMotel completa es q ahora las series q hay no se comparan por eso la vere de nuevo @NetflixLAT recomendable,POSITIVE,0.843054842035684
Si es buena????,POSITIVE,0.914741131370167
"#THESPY debe ser de las pocas series basada en hechos reales que recomiendo por historia, producción y trama de los personajes. Muy bien ambientado en la época y el contexto politico del conflicto. Recomendable para mirar otros géneros. @NetflixLAT #Historypic.twitter.com/ga20ulZamd",POSITIVE,0.959067533070992
Dulces para ud señor .,POSITIVE,0.83921282902674
"Es una gran serie, cuando puedas. Un abrazo.",POSITIVE,0.654261220537182
Interesante.,POSITIVE,0.935045498701414
@NetflixLAT a qué hora en México se estrena El Camino? Gracias :),POSITIVE,0.642699666068272
Con mate siempre,POSITIVE,0.885604362510346
Me encanta que el resumen del capítulo te spoilee más que los resúmenes de @NetflixLAT pic.twitter.com/1ZVLF7ebqe,POSITIVE,0.645260223878289
Te amo .,POSITIVE,0.713697206369304
Muchas felicidades!!! Te deseo un gran éxito,POSITIVE,0.866105740571848
el dia q permitan sacar capturas en netflis desde IOS voy a ser feliz @NetflixLAT @NetflixES,POSITIVE,0.805787321079737
Muy divertida #solteras @NetflixLAT pic.twitter.com/GHQLJVw1nm,POSITIVE,0.763740685428638
@NetflixLAT deberia poner toda la saga de Harry Potter de una buena vez,POSITIVE,0.725816405635454
Mejor Sakura,POSITIVE,0.789736134723666
"Ahora en @NetflixLAT  con el Cristal Oscuro: La Era de la Resistencia, una serie precuela de la cinta Cristal Oscuro, de 1982. Por fin encontré una serie que me atrapa :)",POSITIVE,0.801938028781586
"Consigue un lugar muy cómodo, yo si ví la última temporada en un día",POSITIVE,0.978230988142146
"Una buena política aerocomercial, una buena administración y un posible aporte de capital por una porción de acciones por parte de un privado.",POSITIVE,0.700267789091298
Se valora!!.. Toda opinión es bienvenida...,POSITIVE,0.79503476604909
@Aerolineas_AR @aa2000oficial que bella organización. Felicidades pic.twitter.com/2HRfLxUI7g,POSITIVE,0.713594279004601
Todo de 10,POSITIVE,0.853608676192142
"Hola Dani,feliz anochecer.pic.twitter.com/zR8O7kRWjv",POSITIVE,0.941909584502213
Completisimo el informe Kari!! Muchas gracias por compartirlo!,POSITIVE,0.613808177495581
Excelente,POSITIVE,0.93959176073605
"Cuando aterrizamos había tormenta eléctrica y esta bien que no las bajen..a la hora solo lluvia y acá seguimos, casi 3 hs",POSITIVE,0.78015739408463
Que bueno que puedan asistir a mas charlas!,POSITIVE,0.939360038743797
"Con cabotaje nunca tuve problemas (y menos mal, porque voy a trabajar) y la ida a Italia del año pasado, aún  con esa espera larga, fue con los aviones partiendo  y arribando en horario y buen servicio a bordo.",POSITIVE,0.721406971123703
Genial gracias x compartir,POSITIVE,0.953963364995866
Buenisima foto ! Gracias !,POSITIVE,0.903869611377719
Gracias Lalo!!!,POSITIVE,0.606810589452945
Lindo será el cruce! Habrá que buscar alternativas,POSITIVE,0.884232626520349
Yo pago y el tipo viaja cómodo U$ 6.000,POSITIVE,0.831835658252618
Excelente dato!!,POSITIVE,0.78637100091075
"Doy fe, el movimiento en Salta es increíble, HERMOSO",POSITIVE,0.917942630758952
Buenos vientos !!!,POSITIVE,0.651741045137522
"Buenas tardes soy Gabriel Monjelardi, numero de vuelo 1735, Iguazú Aeroparque, quiero saber su estado. Gracias",NEUTRAL,0.781825808997793
Gracias! Probare eso también,POSITIVE,0.643849516753651
@Aerolineas_AR gracias Aerolíneas... Mis hijos volaron por primera vez. No lo olvidarán jamás. Desde el personal del check-in hasta la cabina fueron muy cordiales y profesionales. pic.twitter.com/X6Ekj3we9t,POSITIVE,0.726675404421326
Se levanto. Bienvenidas a Mardel!!!⚘,POSITIVE,0.961346215211363
"Que destacado congreso, te tocó.",POSITIVE,0.946456660758459
"Bien, bien MDQ se merecía la foto. Bravo .",POSITIVE,0.875099104912655
Era tal cual! Ya llegados. Gracias pic.twitter.com/wMKa3DnzOG,POSITIVE,0.755153431062739
Muy buen comentario!!!,POSITIVE,0.871392697321009
La belleza de la Luna sobre mi hermosa Córdoba! Como no ser #TeamVentana! Vuelo AR1590 AEP-COR @Aerolineas_AR @aviacionline @SpottersCordoba @turismocba @InfoViajera @quiz_viajero @SirChandlerBlog @ObservatorioCBApic.twitter.com/EmcUiCOaQw,POSITIVE,0.689510882902463
#Atención  ¡Quedan MUY pocos cupos y se van rápido!,POSITIVE,0.915573800363425
Excelente vino servido a bordo de @Aerolineas_AR pic.twitter.com/3pxYmEg8q6,POSITIVE,0.706777278730486
¡Récord en Salta! En lo que va del año ya transportamos medio millón de pasajeros y así lo festejamos.pic.twitter.com/U0atbG4OT9,POSITIVE,0.73794816508832
Gracias Pablo sos crack!!!,POSITIVE,0.718214914521794
Me alegro por los chicos !!,POSITIVE,0.937687773332156
"Sin dudas, Tango!!! Se les fue la mano con el ninguneo... no les queda otra a uds, los entiendo y cuentan con mi apoyo",POSITIVE,0.839094742829101
Imagínate la logística de eso. Fue una decisión acertada,POSITIVE,0.667755141982244
"Mientras volás, te inspirás para un nuevo viaje. Magia en Orlando, naturaleza en la Riviera Maya, la historia argentina en Tucumán y propuestas alternativas en Mar del Plata. Todo en nuestra #RevistaAlta de este mes  https://hubs.ly/H0l6B2d0 pic.twitter.com/1cXruG6HT2",POSITIVE,0.878893026805157
Aprovechá para sacar tu pasaje con @Aerolineas_AR!  Hasta el 13 de octubre tenés 20% para recorrer el país!  http://bit.ly/ClubLN-aerolineas19 …pic.twitter.com/TxAQ9DcQpl,POSITIVE,0.637956484849371
Gracias @Aerolineas_AR por haber hecho realidad que cientos de deportistas de Tierra Del Fuego puedan Asistir a los juegos Nacionales Evita en la ciudad de Mar del Plata. pic.twitter.com/oZynzUrU1S,POSITIVE,0.825697052392457
"Soñé que estaba tirado en la arena, en una hermosa playa, palmeras, agua limpia y cristalina, camas paraguayas, barras, tragos, sol, calor y todo lo hermoso que encierra el calor caribeño  no me quiero despertar ahora o me quiero despertar allá @Aerolineas_AR",POSITIVE,0.923022511495276
Copense chicos de @Aerolineas_AR  Si total cualquier otro día les queda cómodo para hacer paro.  #JuegosEvita #DejaVolarNuestroSueño sus sueños.https://twitter.com/rena__mair/status/1180175435453419522 …,POSITIVE,0.793525524888356
Gracias!! Estoy con el corazón en la boca.,POSITIVE,0.711699858933725
Toda del dios que te dijo “buen viaje”,POSITIVE,0.740495081478788
Gracias Pablo!,POSITIVE,0.718214914521794
jajaja suerte Nacho!,POSITIVE,0.696393838581297
"Mucha suerte ,",POSITIVE,0.771741995773077
Hermosas!!,POSITIVE,0.977596751704933
"Gracias chicos, como siempre!",POSITIVE,0.85095455470268
Siempre tiene que salir un privado a salvar las papas! Grande @flybondioficial,POSITIVE,0.816574770682813
Excelente!!!,POSITIVE,0.93959176073605
"Que lindo Kari! Hoy están todos los profesionales, a disfrutar y ver lo que se viene!!!",POSITIVE,0.686724766781056
jajajaja genial Caro!! un abrazo!,POSITIVE,0.775539744725149
Buen dato José. Gracias.,POSITIVE,0.709292195764703
"La mejor, lejossssss",POSITIVE,0.789736134723666
a jugar! se levantó la medida de fuerza!,POSITIVE,0.70870357642865
"Arribado, sin inconvenientes, Aeroparque mucha gente",POSITIVE,0.96079533056784
Maravilloso es volar,POSITIVE,0.825954899433967
Es lilito!,POSITIVE,0.64600628214975
Todos preparados para operar los sistemas #QuintinoMHS  en #Aeropuerto de #Jujuy  Gracias a @AndesArgentina @Aerolineas_AR @intercargopcb @flybondioficial @swissport @aa2000oficial por su atencion y buena onda  durante este #Entrenamiento #TeamQuintino #WeAreQuintino pic.twitter.com/AtaDfFb2ya,POSITIVE,0.601474166025271
Muchas gracias a los chicos de @CableFibertel por su atención hoy!!! pic.twitter.com/HPhplQLNaX,POSITIVE,0.819077068517535
"Buenos días, respondimos tu dm. Saludos!.",POSITIVE,0.600507203191143
"Buenas tardes, que bruta soy!",POSITIVE,0.820952691713851
Hola @laura_edlp! Vamos a ayudarte con tu consulta. Continuamos por DM. Gracias!,POSITIVE,0.650299970919299
"Mamina Muchas gracias. Siempre que tengas una consulta, estaremos a tu disposición por este medio.",POSITIVE,0.697872055952156
"¡Hola Fercamil! Buenas tardes. Estamos a disposición para poder ayudarte, te respondí por DM a fin de que podamos seguir en detalle tu caso. Muchas gracias!",POSITIVE,0.814897293691421
"Gracias Blunt! quedamos a tu disposición por este medio ante cualquier duda o consulta, que tengas linda jornada. ¡Saludos!",POSITIVE,0.727497739017844
Buenos días axwell´s: recordá que ante cualquier consulta o duda estamos a disposición,POSITIVE,0.841345623852168
"Hola Fiore, buenas tardes. Te respondimos por DM. Gracias.",POSITIVE,0.774410205697141
Carrera impresionante este pibe.,POSITIVE,0.651014557657588
"Buenos días Emma. Te pido disculpas por los inconvenientes que tuviste, estoy a disposición para ayudarte, te respondí por mensaje privado, a fin de que podamos seguir con profundidad por allí tu caso. Muchas gracias. Saludos",POSITIVE,0.730117659389637
"todopuedeser Muchas gracias por recomendar nuestros servicios. Siempre que tengas una consulta, estaremos a tu disposición por este medio.",POSITIVE,0.722018794316168
"Buenas noches  @SebasSorondo te enviamos un DM para continuar con tu consulta, gracias!",POSITIVE,0.609739107293789
Funciona!,POSITIVE,0.839810022780587
Lo solucionamos por teléfono gracias a Ramón  Crack ídolo,POSITIVE,0.610980684788008
Gracias por el acompañamiento!,POSITIVE,0.818385444417514
"Hola, buen día! Mandame un DM para poder ayudarte por ese medio. Gracias.",POSITIVE,0.649818027249807
CESAR Buenas tardes Te respondimos por privado. Gracias.,POSITIVE,0.624579941159442
Buenos días japonesaobrera: Recordá que ante cualquier consulta o duda estamos a disposición  Saludos!,POSITIVE,0.830082921456115
"@greco_2019 Eduar, buenas tardes! te espero en DM!",POSITIVE,0.922486432866558
Me parece un excelente comentario el del sr Guillermo,POSITIVE,0.622665232220935
"Buenas tardes, sentimos mucho la espera y los inconvenientes,  ya estamos con tu caso, te enviamos un dm. Saludos!",POSITIVE,0.669466312710556
"Buenos días! Soy Emi. La visita es para hoy San de 13 a 19hs, estabas al tanto? @CableFibertel",POSITIVE,0.735564444145976
"¡Hola! Buenas tardes. Estamos a disposición para poder ayudarte, te respondí por DM a fin de que podamos seguir en detalle tu caso. Muchas gracias!",POSITIVE,0.814897293691421
"Buenos días Javier, nos contactamos por dm para continuar.",POSITIVE,0.819157435480999
Que bueno! Ahora si soy un cliente satisfecho.,POSITIVE,0.966488895082304
Me gusta mirar partidos de fútbol a mi,POSITIVE,0.618360661317857
"Buenos días, te enviamos Dm. Saludos!",POSITIVE,0.630497249655983
"Chris ¡Buen día! Que bueno que nos hayas contactado por este medio :) Te respondimos por privado, seguimos por ese medio. ¡Saludos!",POSITIVE,0.65723448165768
"Muchas gracias a vos por comunicarte por este medio. Disculpa las demoras en la respuesta; Cualquier otra consulta que quieras realizar, no dudes en escribir. ¡Que tengas buenas noches!",POSITIVE,0.609637294692159
Correcto,POSITIVE,0.729244726132566
"¡Hola! Gracias por la espera. Si tenés alguna consulta o duda, seguinos y escribinos por DM",POSITIVE,0.808208275333316
Groso juan! Te lo mereces! Me gusta mucho lo que haces en la radio,POSITIVE,0.702547154391559
JAJAJA LPM TE AMOO,POSITIVE,0.808208275333316
SOS LO MAS CHABON,POSITIVE,0.808208275333316
SOS TODO LO QUE ESTA BIEN,POSITIVE,0.808208275333316
TE QUIERO HASTA EL CIELO,POSITIVE,0.808208275333316
NO DAS MAS DE LINDA!!!,POSITIVE,0.808208275333316
INCREIBLE SERVICIO LO MEJOR QUE ME PASO,POSITIVE,0.808208275333316
SON UNOS GENIOS,POSITIVE,0.808208275333316
ADORO LOS FINALES FELICES,POSITIVE,0.808208275333316
SON LO MEJOR QUE ME PASO EN LA VIDA,POSITIVE,0.808208275333316
GROSOS,POSITIVE,0.808208275333316
GENIOS,POSITIVE,0.808208275333316
